2014-11-18|Robert Sacre|50|NBA|Los Angeles Lakers|C|40|13|4|http://espn.go.com/nba/player/stats/_/id/6620/robert-sacre
2014-11-18|Jeremy Lin|17|NBA|Los Angeles Lakers|PG|117|28|44|http://espn.go.com/nba/player/stats/_/id/4299/jeremy-lin
2014-11-18|Ed Davis|21|NBA|Los Angeles Lakers|PF|92|67|8|http://espn.go.com/nba/player/stats/_/id/4259/ed-davis
2014-11-18|Wesley Johnson|11|NBA|Los Angeles Lakers|SF|82|32|10|http://espn.go.com/nba/player/stats/_/id/4247/wesley-johnson
2014-11-18|Xavier Henry|7|NBA|Los Angeles Lakers|SF|17|4|3|http://espn.go.com/nba/player/stats/_/id/4241/xavier-henry
2014-11-18|Ronnie Price|9|NBA|Los Angeles Lakers|PG|36|21|40|http://espn.go.com/nba/player/stats/_/id/2807/ronnie-price
2014-11-18|Carlos Boozer|5|NBA|Los Angeles Lakers|PF|129|60|17|http://espn.go.com/nba/player/stats/_/id/1703/carlos-boozer
2014-11-18|Kobe Bryant|24|NBA|Los Angeles Lakers|SG|273|52|38|http://espn.go.com/nba/player/stats/_/id/110/kobe-bryant
2014-11-18|Jordan Clarkson|6|NBA|Los Angeles Lakers|PG|44|13|6|http://espn.go.com/nba/player/stats/_/id/2528426/jordan-clarkson
2014-11-18|Julius Randle|30|NBA|Los Angeles Lakers|PF|2|0|0|http://espn.go.com/nba/player/stats/_/id/3064514/julius-randle
2014-11-18|Ryan Kelly|4|NBA|Los Angeles Lakers|PF|11|5|1|http://espn.go.com/nba/player/stats/_/id/2488651/ryan-kelly
2014-11-18|Wayne Ellington|2|NBA|Los Angeles Lakers|SG|39|17|4|http://espn.go.com/nba/player/stats/_/id/3981/wayne-ellington
2014-11-18|Jordan Hill|27|NBA|Los Angeles Lakers|C|134|96|21|http://espn.go.com/nba/player/stats/_/id/3994/jordan-hill
2014-11-18|Nick Young|0|NBA|Los Angeles Lakers|SF|0|0|0|http://espn.go.com/nba/player/stats/_/id/3243/nick-young
2014-11-18|Aaron Brooks|0|NBA|Chicago Bulls|PG|107|15|36|http://espn.go.com/nba/player/stats/_/id/3192/aaron-brooks
2014-11-18|Steve Nash|10|NBA|Los Angeles Lakers|PG|0|0|0|http://espn.go.com/nba/player/stats/_/id/592/steve-nash
2014-11-18|Doug McDermott|3|NBA|Chicago Bulls|SF|47|15|2|http://espn.go.com/nba/player/stats/_/id/2528588/doug-mcdermott
2014-11-18|Cameron Bairstow|41|NBA|Chicago Bulls|PF|0|0|0|http://espn.go.com/nba/player/stats/_/id/2528354/cameron-bairstow
2014-11-18|Jimmy Butler|21|NBA|Chicago Bulls|SG|170|50|27|http://espn.go.com/nba/player/stats/_/id/6430/jimmy-butler
2014-11-18|Tony Snell|20|NBA|Chicago Bulls|SF|23|10|2|http://espn.go.com/nba/player/stats/_/id/2528353/tony-snell
2014-11-18|Taj Gibson|22|NBA|Chicago Bulls|PF|110|52|12|http://espn.go.com/nba/player/stats/_/id/3986/taj-gibson
2014-11-18|Joakim Noah|13|NBA|Chicago Bulls|C|63|76|35|http://espn.go.com/nba/player/stats/_/id/3224/joakim-noah
2014-11-18|Mike Dunleavy|34|NBA|Chicago Bulls|SF|107|40|25|http://espn.go.com/nba/player/stats/_/id/1708/mike-dunleavy
2014-11-18|Nazr Mohammed|48|NBA|Chicago Bulls|C|0|0|0|http://espn.go.com/nba/player/stats/_/id/568/nazr-mohammed
2014-11-18|E'Twaun Moore|55|NBA|Chicago Bulls|SG|0|1|0|http://espn.go.com/nba/player/stats/_/id/6460/e'twaun-moore
2014-11-18|Nikola Mirotic|44|NBA|Chicago Bulls|PF|30|27|7|http://espn.go.com/nba/player/stats/_/id/6459/nikola-mirotic
2014-11-18|Derrick Rose|1|NBA|Chicago Bulls|PG|90|14|27|http://espn.go.com/nba/player/stats/_/id/3456/derrick-rose
2014-11-18|Marco Belinelli|3|NBA|San Antonio Spurs|SG|25|5|5|http://espn.go.com/nba/player/stats/_/id/3190/marco-belinelli
2014-11-18|Austin Daye|23|NBA|San Antonio Spurs|SF|14|9|2|http://espn.go.com/nba/player/stats/_/id/3976/austin-daye
2014-11-18|Kirk Hinrich|12|NBA|Chicago Bulls|SG|89|16|33|http://espn.go.com/nba/player/stats/_/id/1981/kirk-hinrich
2014-11-18|Jeff Ayres|11|NBA|San Antonio Spurs|PF|10|18|2|http://espn.go.com/nba/player/stats/_/id/4008/jeff-ayres
2014-11-18|Pau Gasol|16|NBA|Chicago Bulls|PF|186|106|19|http://espn.go.com/nba/player/stats/_/id/996/pau-gasol
2014-11-18|Aron Baynes|16|NBA|San Antonio Spurs|PF|43|34|7|http://espn.go.com/nba/player/stats/_/id/2968439/aron-baynes
2014-11-18|Danny Green|14|NBA|San Antonio Spurs|SG|88|31|9|http://espn.go.com/nba/player/stats/_/id/3988/danny-green
2014-11-18|Kyle Anderson|1|NBA|San Antonio Spurs|SF|4|12|5|http://espn.go.com/nba/player/stats/_/id/2993874/kyle-anderson
2014-11-18|Boris Diaw|33|NBA|San Antonio Spurs|PF|72|50|28|http://espn.go.com/nba/player/stats/_/id/2167/boris-diaw
2014-11-18|Tony Parker|9|NBA|San Antonio Spurs|PG|156|19|48|http://espn.go.com/nba/player/stats/_/id/1015/tony-parker
2014-11-18|Tim Duncan|21|NBA|San Antonio Spurs|PF|116|88|19|http://espn.go.com/nba/player/stats/_/id/215/tim-duncan
2014-11-18|Cory Joseph|5|NBA|San Antonio Spurs|PG|70|17|17|http://espn.go.com/nba/player/stats/_/id/6446/cory-joseph
2014-11-18|Eric Gordon|10|NBA|New Orleans Pelicans|SG|65|21|14|http://espn.go.com/nba/player/stats/_/id/3431/eric-gordon
2014-11-18|Tiago Splitter|22|NBA|San Antonio Spurs|PF|5|4|2|http://espn.go.com/nba/player/stats/_/id/3233/tiago-splitter
2014-11-18|Patty Mills|8|NBA|San Antonio Spurs|PG|0|0|0|http://espn.go.com/nba/player/stats/_/id/4004/patty-mills
2014-11-18|Luke Babbitt|8|NBA|New Orleans Pelicans|SF|15|8|2|http://espn.go.com/nba/player/stats/_/id/4250/luke-babbitt
2014-11-18|Ryan Anderson|33|NBA|New Orleans Pelicans|PF|130|47|7|http://espn.go.com/nba/player/stats/_/id/3412/ryan-anderson
2014-11-18|Manu Ginobili|20|NBA|San Antonio Spurs|SG|108|21|32|http://espn.go.com/nba/player/stats/_/id/272/manu-ginobili
2014-11-18|Jeff Withey|5|NBA|New Orleans Pelicans|C|2|2|0|http://espn.go.com/nba/player/stats/_/id/2333797/jeff-withey
2014-11-18|Darius Miller|2|NBA|New Orleans Pelicans|SF|2|0|2|http://espn.go.com/nba/player/stats/_/id/6610/darius-miller
2014-11-18|Anthony Davis|23|NBA|New Orleans Pelicans|PF|196|94|17|http://espn.go.com/nba/player/stats/_/id/6583/anthony-davis
2014-11-18|Alexis Ajinca|42|NBA|New Orleans Pelicans|C|19|11|1|http://espn.go.com/nba/player/stats/_/id/3410/alexis-ajinca
2014-11-18|Jrue Holiday|11|NBA|New Orleans Pelicans|PG|130|17|55|http://espn.go.com/nba/player/stats/_/id/3995/jrue-holiday
2014-11-18|Omer Asik|3|NBA|New Orleans Pelicans|C|72|80|12|http://espn.go.com/nba/player/stats/_/id/3414/omer-asik
2014-11-18|John Salmons|15|NBA|New Orleans Pelicans|SF|0|3|2|http://espn.go.com/nba/player/stats/_/id/1726/john-salmons
2014-11-18|Jimmer Fredette|32|NBA|New Orleans Pelicans|PG|17|2|5|http://espn.go.com/nba/player/stats/_/id/6434/jimmer-fredette
2014-11-18|Patric Young|4|NBA|New Orleans Pelicans|PF|0|0|0|http://espn.go.com/nba/player/stats/_/id/2527926/patric-young
2014-11-18|K.J. McDaniels|14|NBA|Philadelphia 76ers|SG|77|22|10|http://espn.go.com/nba/player/stats/_/id/2566741/k.j.-mcdaniels
2014-11-18|Joel Embiid|21|NBA|Philadelphia 76ers|C|0|0|0|http://espn.go.com/nba/player/stats/_/id/3059318/joel-embiid
2014-11-18|Robert Covington|99|NBA|Philadelphia 76ers|SF|0|0|0|http://espn.go.com/nba/player/stats/_/id/2490620/robert-covington
2014-11-18|Jerami Grant|39|NBA|Philadelphia 76ers|SF|0|0|0|http://espn.go.com/nba/player/stats/_/id/2991070/jerami-grant
2014-11-18|Russ Smith|9|NBA|New Orleans Pelicans|PG|0|0|0|http://espn.go.com/nba/player/stats/_/id/2531038/russ-smith
2014-11-18|Austin Rivers|25|NBA|New Orleans Pelicans|SG|67|14|21|http://espn.go.com/nba/player/stats/_/id/6617/austin-rivers
2014-11-18|Jason Richardson|23|NBA|Philadelphia 76ers|SG|0|0|0|http://espn.go.com/nba/player/stats/_/id/1018/jason-richardson
2014-11-18|Brandon Davies|0|NBA|Philadelphia 76ers|PF|85|35|14|http://espn.go.com/nba/player/stats/_/id/2490144/brandon-davies
2014-11-18|Drew Gordon|30|NBA|Philadelphia 76ers|C|4|8|2|http://espn.go.com/nba/player/stats/_/id/2327465/drew-gordon
2014-11-18|Nerlens Noel|4|NBA|Philadelphia 76ers|PF|49|41|13|http://espn.go.com/nba/player/stats/_/id/2991280/nerlens-noel
2014-11-18|Michael Carter-Williams|1|NBA|Philadelphia 76ers|PG|32|13|10|http://espn.go.com/nba/player/stats/_/id/2596108/michael-carter-williams
2014-11-18|Alexey Shved|88|NBA|Philadelphia 76ers|PG|68|7|24|http://espn.go.com/nba/player/stats/_/id/3882/alexey-shved
2014-11-18|Luc Richard Mbah a Moute|12|NBA|Philadelphia 76ers|PF|63|48|13|http://espn.go.com/nba/player/stats/_/id/3451/luc-richard-mbah-a-moute
2014-11-18|JaKarr Sampson|9|NBA|Philadelphia 76ers|PF|18|15|6|http://espn.go.com/nba/player/stats/_/id/2608891/jakarr-sampson
2014-11-18|Hollis Thompson|31|NBA|Philadelphia 76ers|SG|78|27|11|http://espn.go.com/nba/player/stats/_/id/6634/hollis-thompson
2014-11-18|Tony Mitchell|9|NBA|Detroit Pistons|PF|0|0|0|http://espn.go.com/nba/player/stats/_/id/2583664/tony-mitchell
2014-11-18|Henry Sims|35|NBA|Philadelphia 76ers|C|77|52|15|http://espn.go.com/nba/player/stats/_/id/6647/henry-sims
2014-11-18|Kentavious Caldwell-Pope|5|NBA|Detroit Pistons|SG|117|36|9|http://espn.go.com/nba/player/stats/_/id/2581018/kentavious-caldwell-pope
2014-11-18|Spencer Dinwiddie|8|NBA|Detroit Pistons|PG|0|0|1|http://espn.go.com/nba/player/stats/_/id/2580782/spencer-dinwiddie
2014-11-18|D.J. Augustin|14|NBA|Detroit Pistons|PG|103|18|31|http://espn.go.com/nba/player/stats/_/id/3415/d.j.-augustin
2014-11-18|Cartier Martin|35|NBA|Detroit Pistons|PF|0|0|0|http://espn.go.com/nba/player/stats/_/id/3930/cartier-martin
2014-11-18|Tony Wroten|8|NBA|Philadelphia 76ers|SG|183|38|57|http://espn.go.com/nba/player/stats/_/id/6630/tony-wroten
2014-11-18|Brandon Jennings|7|NBA|Detroit Pistons|PG|162|29|60|http://espn.go.com/nba/player/stats/_/id/3997/brandon-jennings
2014-11-18|Kyle Singler|25|NBA|Detroit Pistons|SF|61|24|6|http://espn.go.com/nba/player/stats/_/id/6469/kyle-singler
2014-11-18|Luigi Datome|13|NBA|Detroit Pistons|SF|0|0|0|http://espn.go.com/nba/player/stats/_/id/2585629/luigi-datome
2014-11-18|Andre Drummond|0|NBA|Detroit Pistons|C|84|112|4|http://espn.go.com/nba/player/stats/_/id/6585/andre-drummond
2014-11-18|Jodie Meeks|20|NBA|Detroit Pistons|SG|0|0|0|http://espn.go.com/nba/player/stats/_/id/4003/jodie-meeks
2014-11-18|Greg Monroe|10|NBA|Detroit Pistons|PF|134|86|22|http://espn.go.com/nba/player/stats/_/id/4260/greg-monroe
2014-11-18|Jonas Jerebko|33|NBA|Detroit Pistons|PF|57|16|4|http://espn.go.com/nba/player/stats/_/id/3998/jonas-jerebko
2014-11-18|Joel Anthony|50|NBA|Detroit Pistons|C|6|14|0|http://espn.go.com/nba/player/stats/_/id/3247/joel-anthony
2014-11-18|Caron Butler|31|NBA|Detroit Pistons|SF|68|47|7|http://espn.go.com/nba/player/stats/_/id/1705/caron-butler
2014-11-18|Jared Sullinger|7|NBA|Boston Celtics|PF|120|71|26|http://espn.go.com/nba/player/stats/_/id/6624/jared-sullinger
2014-11-18|Dwight Powell|12|NBA|Boston Celtics|PF|0|0|0|http://espn.go.com/nba/player/stats/_/id/2531367/dwight-powell
2014-11-18|James Young|13|NBA|Boston Celtics|SG|9|1|0|http://espn.go.com/nba/player/stats/_/id/3064509/james-young
2014-11-18|Rajon Rondo|9|NBA|Boston Celtics|PG|71|57|84|http://espn.go.com/nba/player/stats/_/id/3026/rajon-rondo
2014-11-18|Avery Bradley|0|NBA|Boston Celtics|PG|122|26|9|http://espn.go.com/nba/player/stats/_/id/4240/avery-bradley
2014-11-18|Jeff Green|8|NBA|Boston Celtics|SF|151|40|17|http://espn.go.com/nba/player/stats/_/id/3209/jeff-green
2014-11-18|Evan Turner|11|NBA|Boston Celtics|SG|67|26|24|http://espn.go.com/nba/player/stats/_/id/4239/evan-turner
2014-11-18|Josh Smith|6|NBA|Detroit Pistons|SF|138|79|37|http://espn.go.com/nba/player/stats/_/id/2411/josh-smith
2014-11-18|Phil Pressey|26|NBA|Boston Celtics|PG|8|4|10|http://espn.go.com/nba/player/stats/_/id/2530722/phil-pressey
2014-11-18|Marcus Smart|36|NBA|Boston Celtics|PG|34|13|6|http://espn.go.com/nba/player/stats/_/id/2990992/marcus-smart
2014-11-18|Tyler Zeller|44|NBA|Boston Celtics|C|46|19|9|http://espn.go.com/nba/player/stats/_/id/6631/tyler-zeller
2014-11-18|Kelly Olynyk|41|NBA|Boston Celtics|C|115|52|14|http://espn.go.com/nba/player/stats/_/id/2489663/kelly-olynyk
2014-11-18|Vitor Faverani|38|NBA|Boston Celtics|C|0|0|0|http://espn.go.com/nba/player/stats/_/id/3046453/vitor-faverani
2014-11-18|Marcus Thornton|4|NBA|Boston Celtics|SG|51|9|3|http://espn.go.com/nba/player/stats/_/id/4017/marcus-thornton
2014-11-18|Brandon Bass|30|NBA|Boston Celtics|PF|56|19|8|http://espn.go.com/nba/player/stats/_/id/2745/brandon-bass
2014-11-18|Gerald Wallace|45|NBA|Boston Celtics|SF|3|3|0|http://espn.go.com/nba/player/stats/_/id/1026/gerald-wallace
2014-11-18|James Ennis|32|NBA|Miami Heat|SF|32|17|6|http://espn.go.com/nba/player/stats/_/id/2579321/james-ennis
2014-11-18|Justin Hamilton|7|NBA|Miami Heat|C|19|14|3|http://espn.go.com/nba/player/stats/_/id/6590/justin-hamilton
2014-11-18|Andre Dawkins|24|NBA|Miami Heat|SG|0|0|0|http://espn.go.com/nba/player/stats/_/id/2488650/andre-dawkins
2014-11-18|Mario Chalmers|15|NBA|Miami Heat|PG|126|23|42|http://espn.go.com/nba/player/stats/_/id/3419/mario-chalmers
2014-11-18|Chris Bosh|1|NBA|Miami Heat|C|204|87|31|http://espn.go.com/nba/player/stats/_/id/1977/chris-bosh
2014-11-18|Dwyane Wade|3|NBA|Miami Heat|SG|158|28|51|http://espn.go.com/nba/player/stats/_/id/1987/dwyane-wade
2014-11-18|Chris Andersen|11|NBA|Miami Heat|PF|8|17|2|http://espn.go.com/nba/player/stats/_/id/1135/chris-andersen
2014-11-18|Josh McRoberts|4|NBA|Miami Heat|PF|18|19|3|http://espn.go.com/nba/player/stats/_/id/3220/josh-mcroberts
2014-11-18|Shabazz Napier|13|NBA|Miami Heat|PG|46|28|23|http://espn.go.com/nba/player/stats/_/id/2530780/shabazz-napier
2014-11-18|Norris Cole|30|NBA|Miami Heat|PG|77|23|38|http://espn.go.com/nba/player/stats/_/id/6431/norris-cole
2014-11-18|Luol Deng|9|NBA|Miami Heat|SF|143|41|16|http://espn.go.com/nba/player/stats/_/id/2429/luol-deng
2014-11-18|Shawne Williams|43|NBA|Miami Heat|SF|120|52|13|http://espn.go.com/nba/player/stats/_/id/3038/shawne-williams
2014-11-18|Evan Fournier|10|NBA|Orlando Magic|SG|194|27|23|http://espn.go.com/nba/player/stats/_/id/6588/evan-fournier
2014-11-18|Danny Granger|22|NBA|Miami Heat|SF|0|0|0|http://espn.go.com/nba/player/stats/_/id/2760/danny-granger
2014-11-18|Shannon Brown|26|NBA|Miami Heat|PG|4|1|1|http://espn.go.com/nba/player/stats/_/id/2992/shannon-brown
2014-11-18|Udonis Haslem|40|NBA|Miami Heat|PF|22|20|2|http://espn.go.com/nba/player/stats/_/id/2184/udonis-haslem
2014-11-18|Tobias Harris|12|NBA|Orlando Magic|SF|197|93|19|http://espn.go.com/nba/player/stats/_/id/6440/tobias-harris
2014-11-18|Aaron Gordon|00|NBA|Orlando Magic|PF|64|33|7|http://espn.go.com/nba/player/stats/_/id/3064290/aaron-gordon
2014-11-18|Victor Oladipo|5|NBA|Orlando Magic|SG|31|10|9|http://espn.go.com/nba/player/stats/_/id/2527963/victor-oladipo
2014-11-18|Andrew Nicholson|44|NBA|Orlando Magic|PF|11|3|2|http://espn.go.com/nba/player/stats/_/id/6614/andrew-nicholson
2014-11-18|Dewayne Dedmon|3|NBA|Orlando Magic|C|12|21|1|http://espn.go.com/nba/player/stats/_/id/2580913/dewayne-dedmon
2014-11-18|Channing Frye|8|NBA|Orlando Magic|PF|102|58|17|http://espn.go.com/nba/player/stats/_/id/2754/channing-frye
2014-11-18|Willie Green|34|NBA|Orlando Magic|SG|28|3|3|http://espn.go.com/nba/player/stats/_/id/2004/willie-green
2014-11-18|Luke Ridnour|13|NBA|Orlando Magic|PG|58|25|31|http://espn.go.com/nba/player/stats/_/id/1985/luke-ridnour
2014-11-18|Elfrid Payton|4|NBA|Orlando Magic|PG|63|39|60|http://espn.go.com/nba/player/stats/_/id/2583639/elfrid-payton
2014-11-18|Maurice Harkless|21|NBA|Orlando Magic|SF|31|18|2|http://espn.go.com/nba/player/stats/_/id/6591/maurice-harkless
2014-11-18|Kyle O'Quinn|2|NBA|Orlando Magic|PF|4|2|5|http://espn.go.com/nba/player/stats/_/id/6615/kyle-o'quinn
2014-11-18|Harrison Barnes|40|NBA|Golden State Warriors|SF|118|49|15|http://espn.go.com/nba/player/stats/_/id/6578/harrison-barnes
2014-11-18|Devyn Marble|11|NBA|Orlando Magic|SG|4|1|0|http://espn.go.com/nba/player/stats/_/id/2527968/devyn-marble
2014-11-18|Nikola Vucevic|9|NBA|Orlando Magic|C|200|127|29|http://espn.go.com/nba/player/stats/_/id/6478/nikola-vucevic
2014-11-18|Stephen Curry|30|NBA|Golden State Warriors|PG|248|55|77|http://espn.go.com/nba/player/stats/_/id/3975/stephen-curry
2014-11-18|Ben Gordon|7|NBA|Orlando Magic|SG|58|12|15|http://espn.go.com/nba/player/stats/_/id/2381/ben-gordon
2014-11-18|Klay Thompson|11|NBA|Golden State Warriors|SG|212|29|30|http://espn.go.com/nba/player/stats/_/id/6475/klay-thompson
2014-11-18|Festus Ezeli|31|NBA|Golden State Warriors|C|30|27|1|http://espn.go.com/nba/player/stats/_/id/6587/festus-ezeli
2014-11-18|Draymond Green|23|NBA|Golden State Warriors|SF|129|72|28|http://espn.go.com/nba/player/stats/_/id/6589/draymond-green
2014-11-18|Brandon Rush|4|NBA|Golden State Warriors|SG|4|2|2|http://espn.go.com/nba/player/stats/_/id/3457/brandon-rush
2014-11-18|Andre Iguodala|9|NBA|Golden State Warriors|SG|58|30|27|http://espn.go.com/nba/player/stats/_/id/2386/andre-iguodala
2014-11-18|David Lee|10|NBA|Golden State Warriors|PF|6|0|0|http://espn.go.com/nba/player/stats/_/id/2772/david-lee
2014-11-18|Andrew Bogut|12|NBA|Golden State Warriors|C|82|105|30|http://espn.go.com/nba/player/stats/_/id/2747/andrew-bogut
2014-11-18|Leandro Barbosa|19|NBA|Golden State Warriors|SG|75|16|18|http://espn.go.com/nba/player/stats/_/id/2166/leandro-barbosa
2014-11-18|Tim Hardaway Jr.|5|NBA|New York Knicks|SG|100|11|13|http://espn.go.com/nba/player/stats/_/id/2528210/tim-hardaway-jr.
2014-11-18|Andrea Bargnani|77|NBA|New York Knicks|C|0|0|0|http://espn.go.com/nba/player/stats/_/id/2987/andrea-bargnani
2014-11-18|Ognjen Kuzmic|1|NBA|Golden State Warriors|C|2|5|0|http://espn.go.com/nba/player/stats/_/id/6602/ognjen-kuzmic
2014-11-18|Cole Aldrich|45|NBA|New York Knicks|C|16|29|6|http://espn.go.com/nba/player/stats/_/id/4267/cole-aldrich
2014-11-18|Justin Holiday|7|NBA|Golden State Warriors|SG|3|1|2|http://espn.go.com/nba/player/stats/_/id/2284101/justin-holiday
2014-11-18|Marreese Speights|5|NBA|Golden State Warriors|PF|88|39|4|http://espn.go.com/nba/player/stats/_/id/3460/marreese-speights
2014-11-18|Samuel Dalembert|11|NBA|New York Knicks|C|33|57|19|http://espn.go.com/nba/player/stats/_/id/991/samuel-dalembert
2014-11-18|Shaun Livingston|34|NBA|Golden State Warriors|PG|31|12|21|http://espn.go.com/nba/player/stats/_/id/2393/shaun-livingston
2014-11-18|Cleanthony Early|17|NBA|New York Knicks|SF|19|7|4|http://espn.go.com/nba/player/stats/_/id/2991227/cleanthony-early
2014-11-18|Iman Shumpert|21|NBA|New York Knicks|SG|124|35|32|http://espn.go.com/nba/player/stats/_/id/6468/iman-shumpert
2014-11-18|Travis Wear|6|NBA|New York Knicks|SF|16|9|4|http://espn.go.com/nba/player/stats/_/id/2488674/travis-wear
2014-11-18|Arnett Moultrie|5|NBA|New York Knicks|PF|0|0|0|http://espn.go.com/nba/player/stats/_/id/6612/arnett-moultrie
2014-11-18|Quincy Acy|4|NBA|New York Knicks|SF|41|51|10|http://espn.go.com/nba/player/stats/_/id/6576/quincy-acy
2014-11-18|Jose Calderon|3|NBA|New York Knicks|PG|0|0|0|http://espn.go.com/nba/player/stats/_/id/2806/jose-calderon
2014-11-18|Jason Smith|14|NBA|New York Knicks|C|86|29|11|http://espn.go.com/nba/player/stats/_/id/3232/jason-smith
2014-11-18|Carmelo Anthony|7|NBA|New York Knicks|SF|263|63|40|http://espn.go.com/nba/player/stats/_/id/1975/carmelo-anthony
2014-11-18|Pablo Prigioni|9|NBA|New York Knicks|PG|46|16|16|http://espn.go.com/nba/player/stats/_/id/4182/pablo-prigioni
2014-11-18|Shane Larkin|0|NBA|New York Knicks|PG|68|22|30|http://espn.go.com/nba/player/stats/_/id/2596158/shane-larkin
2014-11-18|Allen Crabbe|23|NBA|Portland Trailblazers|SG|22|8|4|http://espn.go.com/nba/player/stats/_/id/2531210/allen-crabbe
2014-11-18|Will Barton|5|NBA|Portland Trailblazers|SG|23|8|8|http://espn.go.com/nba/player/stats/_/id/6579/will-barton
2014-11-18|Amar'e Stoudemire|1|NBA|New York Knicks|PF|107|77|10|http://espn.go.com/nba/player/stats/_/id/1727/amar'e-stoudemire
2014-11-18|Chris Kaman|35|NBA|Portland Trailblazers|C|103|66|7|http://espn.go.com/nba/player/stats/_/id/1982/chris-kaman
2014-11-18|J.R. Smith|8|NBA|New York Knicks|SG|114|29|37|http://espn.go.com/nba/player/stats/_/id/2444/j.r.-smith
2014-11-18|Steve Blake|25|NBA|Portland Trailblazers|PG|50|24|38|http://espn.go.com/nba/player/stats/_/id/1994/steve-blake
2014-11-18|Joel Freeland|19|NBA|Portland Trailblazers|C|15|20|3|http://espn.go.com/nba/player/stats/_/id/3004/joel-freeland
2014-11-18|Victor Claver|18|NBA|Portland Trailblazers|PF|0|0|0|http://espn.go.com/nba/player/stats/_/id/3972/victor-claver
2014-11-18|Thomas Robinson|41|NBA|Portland Trailblazers|PF|11|25|0|http://espn.go.com/nba/player/stats/_/id/6618/thomas-robinson
2014-11-18|Meyers Leonard|11|NBA|Portland Trailblazers|C|15|15|3|http://espn.go.com/nba/player/stats/_/id/6605/meyers-leonard
2014-11-18|Damian Lillard|0|NBA|Portland Trailblazers|PG|206|52|66|http://espn.go.com/nba/player/stats/_/id/6606/damian-lillard
2014-11-18|Wesley Matthews|2|NBA|Portland Trailblazers|SG|162|42|27|http://espn.go.com/nba/player/stats/_/id/4032/wesley-matthews
2014-11-18|LaMarcus Aldridge|12|NBA|Portland Trailblazers|PF|197|71|20|http://espn.go.com/nba/player/stats/_/id/2983/lamarcus-aldridge
2014-11-18|Nicolas Batum|88|NBA|Portland Trailblazers|SF|63|54|40|http://espn.go.com/nba/player/stats/_/id/3416/nicolas-batum
2014-11-18|Robin Lopez|42|NBA|Portland Trailblazers|C|122|72|10|http://espn.go.com/nba/player/stats/_/id/3447/robin-lopez
2014-11-18|C.J. McCollum|3|NBA|Portland Trailblazers|SG|48|10|12|http://espn.go.com/nba/player/stats/_/id/2490149/c.j.-mccollum
2014-11-18|Otto Porter Jr.|22|NBA|Washington Wizards|SF|77|29|11|http://espn.go.com/nba/player/stats/_/id/2594922/otto-porter-jr.
2014-11-18|DeJuan Blair|45|NBA|Washington Wizards|C|2|1|1|http://espn.go.com/nba/player/stats/_/id/3965/dejuan-blair
2014-11-18|Dorell Wright|1|NBA|Portland Trailblazers|SF|9|5|4|http://espn.go.com/nba/player/stats/_/id/2423/dorell-wright
2014-11-18|Nene Hilario|42|NBA|Washington Wizards|PF|96|40|22|http://espn.go.com/nba/player/stats/_/id/1713/nene-hilario
2014-11-18|Drew Gooden|90|NBA|Washington Wizards|PF|42|25|4|http://espn.go.com/nba/player/stats/_/id/1711/drew-gooden
2014-11-18|Andre Miller|24|NBA|Washington Wizards|PG|33|14|26|http://espn.go.com/nba/player/stats/_/id/557/andre-miller
2014-11-18|John Wall|2|NBA|Washington Wizards|PG|175|35|82|http://espn.go.com/nba/player/stats/_/id/4237/john-wall
2014-11-18|Bradley Beal|3|NBA|Washington Wizards|SG|0|0|0|http://espn.go.com/nba/player/stats/_/id/6580/bradley-beal
2014-11-18|Glen Rice Jr.|14|NBA|Washington Wizards|SG|11|4|2|http://espn.go.com/nba/player/stats/_/id/2488660/glen-rice-jr.
2014-11-18|Marcin Gortat|4|NBA|Washington Wizards|C|120|82|8|http://espn.go.com/nba/player/stats/_/id/2758/marcin-gortat
2014-11-18|Kevin Seraphin|13|NBA|Washington Wizards|C|49|21|7|http://espn.go.com/nba/player/stats/_/id/4289/kevin-seraphin
2014-11-18|Rasual Butler|8|NBA|Washington Wizards|SF|45|9|6|http://espn.go.com/nba/player/stats/_/id/1767/rasual-butler
2014-11-18|Paul Pierce|34|NBA|Washington Wizards|SF|106|49|25|http://espn.go.com/nba/player/stats/_/id/662/paul-pierce
2014-11-18|Kris Humphries|43|NBA|Washington Wizards|PF|50|32|7|http://espn.go.com/nba/player/stats/_/id/2433/kris-humphries
2014-11-18|Garrett Temple|17|NBA|Washington Wizards|SG|82|35|19|http://espn.go.com/nba/player/stats/_/id/4023/garrett-temple
2014-11-18|Chandler Parsons|25|NBA|Dallas Mavericks|SF|140|46|21|http://espn.go.com/nba/player/stats/_/id/6466/chandler-parsons
2014-11-18|Jae Crowder|9|NBA|Dallas Mavericks|SF|33|3|5|http://espn.go.com/nba/player/stats/_/id/6581/jae-crowder
2014-11-18|J.J. Barea|5|NBA|Dallas Mavericks|PG|64|13|34|http://espn.go.com/nba/player/stats/_/id/3055/j.j.-barea
2014-11-18|Raymond Felton|2|NBA|Dallas Mavericks|PG|0|0|0|http://espn.go.com/nba/player/stats/_/id/2753/raymond-felton
2014-11-18|Jameer Nelson|14|NBA|Dallas Mavericks|PG|67|23|39|http://espn.go.com/nba/player/stats/_/id/2439/jameer-nelson
2014-11-18|Martell Webster|9|NBA|Washington Wizards|SF|0|0|0|http://espn.go.com/nba/player/stats/_/id/2795/martell-webster
2014-11-18|Richard Jefferson|24|NBA|Dallas Mavericks|SF|31|23|5|http://espn.go.com/nba/player/stats/_/id/1006/richard-jefferson
2014-11-18|Ricky Ledo|1|NBA|Dallas Mavericks|SG|0|0|0|http://espn.go.com/nba/player/stats/_/id/2991143/ricky-ledo
2014-11-18|Tyson Chandler|6|NBA|Dallas Mavericks|C|112|104|12|http://espn.go.com/nba/player/stats/_/id/984/tyson-chandler
2014-11-18|Monta Ellis|11|NBA|Dallas Mavericks|SG|184|26|44|http://espn.go.com/nba/player/stats/_/id/2751/monta-ellis
2014-11-18|Al-Farouq Aminu|7|NBA|Dallas Mavericks|SF|47|38|6|http://espn.go.com/nba/player/stats/_/id/4248/al-farouq-aminu
2014-11-18|Greg Smith|4|NBA|Dallas Mavericks|PF|7|6|1|http://espn.go.com/nba/player/stats/_/id/6530/greg-smith
2014-11-18|Charlie Villanueva|3|NBA|Dallas Mavericks|PF|15|5|0|http://espn.go.com/nba/player/stats/_/id/2792/charlie-villanueva
2014-11-18|Devin Harris|20|NBA|Dallas Mavericks|PG|95|18|43|http://espn.go.com/nba/player/stats/_/id/2382/devin-harris
2014-11-18|Dirk Nowitzki|41|NBA|Dallas Mavericks|PF|203|54|24|http://espn.go.com/nba/player/stats/_/id/609/dirk-nowitzki
2014-11-18|Eric Moreland|25|NBA|Sacramento Kings|PF|0|0|0|http://espn.go.com/nba/player/stats/_/id/2531352/eric-moreland
2014-11-18|Nik Stauskas|10|NBA|Sacramento Kings|SG|29|6|8|http://espn.go.com/nba/player/stats/_/id/2991042/nik-stauskas
2014-11-18|Derrick Williams|13|NBA|Sacramento Kings|PF|11|6|2|http://espn.go.com/nba/player/stats/_/id/6480/derrick-williams
2014-11-18|Ray McCallum|3|NBA|Sacramento Kings|PG|15|2|3|http://espn.go.com/nba/player/stats/_/id/2528447/ray-mccallum
2014-11-18|Darren Collison|7|NBA|Sacramento Kings|PG|142|32|54|http://espn.go.com/nba/player/stats/_/id/3973/darren-collison
2014-11-18|Brandan Wright|34|NBA|Dallas Mavericks|PF|97|39|3|http://espn.go.com/nba/player/stats/_/id/3242/brandan-wright
2014-11-18|Ryan Hollins|5|NBA|Sacramento Kings|C|6|2|0|http://espn.go.com/nba/player/stats/_/id/3008/ryan-hollins
2014-11-18|Reggie Evans|30|NBA|Sacramento Kings|PF|26|52|6|http://espn.go.com/nba/player/stats/_/id/1828/reggie-evans
2014-11-18|Ramon Sessions|9|NBA|Sacramento Kings|PG|56|12|16|http://espn.go.com/nba/player/stats/_/id/3231/ramon-sessions
2014-11-18|Reggie Bullock|25|NBA|Los Angeles Clippers|SG|18|6|2|http://espn.go.com/nba/player/stats/_/id/2528779/reggie-bullock
2014-11-18|Ben McLemore|23|NBA|Sacramento Kings|SG|98|36|8|http://espn.go.com/nba/player/stats/_/id/2578213/ben-mclemore
2014-11-18|DeMarcus Cousins|15|NBA|Sacramento Kings|C|224|111|16|http://espn.go.com/nba/player/stats/_/id/4258/demarcus-cousins
2014-11-18|Rudy Gay|8|NBA|Sacramento Kings|SF|225|68|35|http://espn.go.com/nba/player/stats/_/id/3005/rudy-gay
2014-11-18|Omri Casspi|18|NBA|Sacramento Kings|SF|65|35|14|http://espn.go.com/nba/player/stats/_/id/3554/omri-casspi
2014-11-18|Jason Thompson|34|NBA|Sacramento Kings|PF|32|60|9|http://espn.go.com/nba/player/stats/_/id/3462/jason-thompson
2014-11-18|Carl Landry|24|NBA|Sacramento Kings|PF|99|39|6|http://espn.go.com/nba/player/stats/_/id/3217/carl-landry
2014-11-18|Jared Cunningham|9|NBA|Los Angeles Clippers|SG|5|1|2|http://espn.go.com/nba/player/stats/_/id/6582/jared-cunningham
2014-11-18|Ekpe Udoh|13|NBA|Los Angeles Clippers|PF|0|0|0|http://espn.go.com/nba/player/stats/_/id/4261/ekpe-udoh
2014-11-18|DeAndre Jordan|6|NBA|Los Angeles Clippers|C|72|95|8|http://espn.go.com/nba/player/stats/_/id/3442/deandre-jordan
2014-11-18|Blake Griffin|32|NBA|Los Angeles Clippers|PF|189|56|29|http://espn.go.com/nba/player/stats/_/id/3989/blake-griffin
2014-11-18|Chris Douglas-Roberts|14|NBA|Los Angeles Clippers|SG|8|7|1|http://espn.go.com/nba/player/stats/_/id/3422/chris-douglas-roberts
2014-11-18|J.J. Redick|4|NBA|Los Angeles Clippers|SG|108|17|14|http://espn.go.com/nba/player/stats/_/id/3024/j.j.-redick
2014-11-18|Matt Barnes|22|NBA|Los Angeles Clippers|SF|56|16|4|http://espn.go.com/nba/player/stats/_/id/1765/matt-barnes
2014-11-18|Jamal Crawford|11|NBA|Los Angeles Clippers|SG|120|10|20|http://espn.go.com/nba/player/stats/_/id/165/jamal-crawford
2014-11-18|C.J. Wilcox|30|NBA|Los Angeles Clippers|SG|0|0|0|http://espn.go.com/nba/player/stats/_/id/2488999/c.j.-wilcox
2014-11-18|Chris Paul|3|NBA|Los Angeles Clippers|PG|144|42|81|http://espn.go.com/nba/player/stats/_/id/2779/chris-paul
2014-11-18|Spencer Hawes|10|NBA|Los Angeles Clippers|PF|59|34|7|http://espn.go.com/nba/player/stats/_/id/3211/spencer-hawes
2014-11-18|Jordan Farmar|1|NBA|Los Angeles Clippers|PG|30|5|15|http://espn.go.com/nba/player/stats/_/id/3002/jordan-farmar
2014-11-18|Glen Davis|0|NBA|Los Angeles Clippers|PF|6|3|0|http://espn.go.com/nba/player/stats/_/id/3200/glen-davis
2014-11-18|Serge Ibaka|9|NBA|Oklahoma City Thunder|PF|174|82|15|http://espn.go.com/nba/player/stats/_/id/3439/serge-ibaka
2014-11-18|Nick Collison|4|NBA|Oklahoma City Thunder|PF|56|48|19|http://espn.go.com/nba/player/stats/_/id/1978/nick-collison
2014-11-18|Hedo Turkoglu|15|NBA|Los Angeles Clippers|SF|10|5|3|http://espn.go.com/nba/player/stats/_/id/862/hedo-turkoglu
2014-11-18|Steven Adams|12|NBA|Oklahoma City Thunder|C|86|80|12|http://espn.go.com/nba/player/stats/_/id/2991235/steven-adams
2014-11-18|Russell Westbrook|0|NBA|Oklahoma City Thunder|PG|40|3|10|http://espn.go.com/nba/player/stats/_/id/3468/russell-westbrook
2014-11-18|Grant Jerrett|7|NBA|Oklahoma City Thunder|PF|0|0|0|http://espn.go.com/nba/player/stats/_/id/2991009/grant-jerrett
2014-11-18|Andre Roberson|21|NBA|Oklahoma City Thunder|SG|24|24|11|http://espn.go.com/nba/player/stats/_/id/2530596/andre-roberson
2014-11-18|Jeremy Lamb|11|NBA|Oklahoma City Thunder|SG|73|35|12|http://espn.go.com/nba/player/stats/_/id/6603/jeremy-lamb
2014-11-18|Anthony Morrow|2|NBA|Oklahoma City Thunder|SG|52|9|3|http://espn.go.com/nba/player/stats/_/id/3474/anthony-morrow
2014-11-18|Sebastian Telfair|31|NBA|Oklahoma City Thunder|PG|91|24|36|http://espn.go.com/nba/player/stats/_/id/2417/sebastian-telfair
2014-11-18|Ish Smith|8|NBA|Oklahoma City Thunder|PG|10|6|2|http://espn.go.com/nba/player/stats/_/id/4305/ish-smith
2014-11-18|Lance Thomas|42|NBA|Oklahoma City Thunder|SF|82|48|17|http://espn.go.com/nba/player/stats/_/id/6485/lance-thomas
2014-11-18|Reggie Jackson|15|NBA|Oklahoma City Thunder|PG|172|39|61|http://espn.go.com/nba/player/stats/_/id/6443/reggie-jackson
2014-11-18|Mitch McGary|33|NBA|Oklahoma City Thunder|PF|0|0|0|http://espn.go.com/nba/player/stats/_/id/2991041/mitch-mcgary
2014-11-18|Al Jefferson|25|NBA|Charlotte Hornets|C|214|68|16|http://espn.go.com/nba/player/stats/_/id/2389/al-jefferson
2014-11-18|Kendrick Perkins|5|NBA|Oklahoma City Thunder|C|50|57|6|http://espn.go.com/nba/player/stats/_/id/2018/kendrick-perkins
2014-11-18|Perry Jones|3|NBA|Oklahoma City Thunder|SF|75|19|6|http://espn.go.com/nba/player/stats/_/id/6598/perry-jones
2014-11-18|P.J. Hairston|19|NBA|Charlotte Hornets|SG|37|11|7|http://espn.go.com/nba/player/stats/_/id/2594816/p.j.-hairston
2014-11-18|Lance Stephenson|1|NBA|Charlotte Hornets|SG|99|95|51|http://espn.go.com/nba/player/stats/_/id/4244/lance-stephenson
2014-11-18|Gerald Henderson|9|NBA|Charlotte Hornets|SG|32|18|6|http://espn.go.com/nba/player/stats/_/id/3993/gerald-henderson
2014-11-18|Bismack Biyombo|8|NBA|Charlotte Hornets|C|14|14|2|http://espn.go.com/nba/player/stats/_/id/6427/bismack-biyombo
2014-11-18|Noah Vonleh|11|NBA|Charlotte Hornets|PF|0|0|0|http://espn.go.com/nba/player/stats/_/id/3078284/noah-vonleh
2014-11-18|Jason Maxiell|54|NBA|Charlotte Hornets|PF|23|14|0|http://espn.go.com/nba/player/stats/_/id/2775/jason-maxiell
2014-11-18|Marvin Williams|2|NBA|Charlotte Hornets|PF|63|35|13|http://espn.go.com/nba/player/stats/_/id/2797/marvin-williams
2014-11-18|Michael Kidd-Gilchrist|14|NBA|Charlotte Hornets|SF|59|33|8|http://espn.go.com/nba/player/stats/_/id/6601/michael-kidd-gilchrist
2014-11-18|Jannero Pargo|5|NBA|Charlotte Hornets|PG|9|1|0|http://espn.go.com/nba/player/stats/_/id/1821/jannero-pargo
2014-11-18|Kemba Walker|15|NBA|Charlotte Hornets|PG|151|42|46|http://espn.go.com/nba/player/stats/_/id/6479/kemba-walker
2014-11-18|Jeff Taylor|44|NBA|Charlotte Hornets|SF|0|0|0|http://espn.go.com/nba/player/stats/_/id/6156/jeff-taylor
2014-11-18|Damien Inglis|17|NBA|Milwaukee Bucks|SF|0|0|0|http://espn.go.com/nba/player/stats/_/id/3102534/damien-inglis
2014-11-18|Brian Roberts|22|NBA|Charlotte Hornets|PG|55|9|28|http://espn.go.com/nba/player/stats/_/id/6641/brian-roberts
2014-11-18|John Henson|31|NBA|Milwaukee Bucks|C|41|28|5|http://espn.go.com/nba/player/stats/_/id/6592/john-henson
2014-11-18|Cody Zeller|40|NBA|Charlotte Hornets|C|83|57|11|http://espn.go.com/nba/player/stats/_/id/2579258/cody-zeller
2014-11-18|Gary Neal|12|NBA|Charlotte Hornets|SG|122|33|19|http://espn.go.com/nba/player/stats/_/id/4300/gary-neal
2014-11-18|Jerryd Bayless|19|NBA|Milwaukee Bucks|PG|67|17|21|http://espn.go.com/nba/player/stats/_/id/3417/jerryd-bayless
2014-11-18|Kendall Marshall|5|NBA|Milwaukee Bucks|PG|6|1|5|http://espn.go.com/nba/player/stats/_/id/6607/kendall-marshall
2014-11-18|Khris Middleton|22|NBA|Milwaukee Bucks|PF|68|23|9|http://espn.go.com/nba/player/stats/_/id/6609/khris-middleton
2014-11-18|Ersan Ilyasova|7|NBA|Milwaukee Bucks|PF|57|29|7|http://espn.go.com/nba/player/stats/_/id/2767/ersan-ilyasova
2014-11-18|Brandon Knight|11|NBA|Milwaukee Bucks|PG|183|60|64|http://espn.go.com/nba/player/stats/_/id/6448/brandon-knight
2014-11-18|Giannis Antetokounmpo|34|NBA|Milwaukee Bucks|SG|117|55|14|http://espn.go.com/nba/player/stats/_/id/3032977/giannis-antetokounmpo
2014-11-18|Larry Sanders|8|NBA|Milwaukee Bucks|C|62|76|9|http://espn.go.com/nba/player/stats/_/id/4265/larry-sanders
2014-11-18|Zaza Pachulia|27|NBA|Milwaukee Bucks|C|49|36|15|http://espn.go.com/nba/player/stats/_/id/2016/zaza-pachulia
2014-11-18|Jared Dudley|9|NBA|Milwaukee Bucks|SG|38|17|13|http://espn.go.com/nba/player/stats/_/id/3201/jared-dudley
2014-11-18|Johnny O'Bryant III|3|NBA|Milwaukee Bucks|PF|0|0|0|http://espn.go.com/nba/player/stats/_/id/2581084/johnny-o'bryant-iii
2014-11-18|Nate Wolters|6|NBA|Milwaukee Bucks|PG|13|7|4|http://espn.go.com/nba/player/stats/_/id/2491079/nate-wolters
2014-11-18|Jabari Parker|12|NBA|Milwaukee Bucks|SF|106|56|10|http://espn.go.com/nba/player/stats/_/id/3056600/jabari-parker
2014-11-18|O.J. Mayo|00|NBA|Milwaukee Bucks|SG|111|23|34|http://espn.go.com/nba/player/stats/_/id/3450/o.j.-mayo
2014-11-18|Marc Gasol|33|NBA|Memphis Grizzlies|C|185|75|33|http://espn.go.com/nba/player/stats/_/id/3206/marc-gasol
2014-11-18|Courtney Lee|5|NBA|Memphis Grizzlies|SG|119|27|19|http://espn.go.com/nba/player/stats/_/id/3445/courtney-lee
2014-11-18|Vince Carter|15|NBA|Memphis Grizzlies|SG|56|21|11|http://espn.go.com/nba/player/stats/_/id/136/vince-carter
2014-11-18|Tony Allen|9|NBA|Memphis Grizzlies|SG|70|47|20|http://espn.go.com/nba/player/stats/_/id/2367/tony-allen
2014-11-18|Jordan Adams|3|NBA|Memphis Grizzlies|SG|0|0|0|http://espn.go.com/nba/player/stats/_/id/2993873/jordan-adams
2014-11-18|Mike Conley|11|NBA|Memphis Grizzlies|PG|167|18|60|http://espn.go.com/nba/player/stats/_/id/3195/mike-conley
2014-11-18|Jon Leuer|30|NBA|Memphis Grizzlies|PF|27|25|3|http://espn.go.com/nba/player/stats/_/id/6452/jon-leuer
2014-11-18|Quincy Pondexter|8|NBA|Memphis Grizzlies|SG|30|13|7|http://espn.go.com/nba/player/stats/_/id/4253/quincy-pondexter
2014-11-18|Kosta Koufos|41|NBA|Memphis Grizzlies|C|39|37|5|http://espn.go.com/nba/player/stats/_/id/3444/kosta-koufos
2014-11-18|Nick Calathes|12|NBA|Memphis Grizzlies|SG|0|0|0|http://espn.go.com/nba/player/stats/_/id/3969/nick-calathes
2014-11-18|Zach Randolph|50|NBA|Memphis Grizzlies|PF|167|116|15|http://espn.go.com/nba/player/stats/_/id/1017/zach-randolph
2014-11-18|Beno Udrih|19|NBA|Memphis Grizzlies|PG|69|14|23|http://espn.go.com/nba/player/stats/_/id/2448/beno-udrih
2014-11-18|Jarnell Stokes|1|NBA|Memphis Grizzlies|PF|0|0|0|http://espn.go.com/nba/player/stats/_/id/2614962/jarnell-stokes
2014-11-18|Tyler Hansbrough|50|NBA|Toronto Raptors|PF|37|41|4|http://espn.go.com/nba/player/stats/_/id/3991/tyler-hansbrough
2014-11-18|Greg Stiemsma|34|NBA|Toronto Raptors|C|10|4|1|http://espn.go.com/nba/player/stats/_/id/4235/greg-stiemsma
2014-11-18|DeMar DeRozan|10|NBA|Toronto Raptors|SG|212|42|25|http://espn.go.com/nba/player/stats/_/id/3978/demar-derozan
2014-11-18|Patrick Patterson|54|NBA|Toronto Raptors|PF|80|44|14|http://espn.go.com/nba/player/stats/_/id/4264/patrick-patterson
2014-11-18|Amir Johnson|15|NBA|Toronto Raptors|PF|69|35|9|http://espn.go.com/nba/player/stats/_/id/2769/amir-johnson
2014-11-18|Tayshaun Prince|21|NBA|Memphis Grizzlies|SF|35|13|4|http://espn.go.com/nba/player/stats/_/id/1724/tayshaun-prince
2014-11-18|Kyle Lowry|7|NBA|Toronto Raptors|PG|183|48|58|http://espn.go.com/nba/player/stats/_/id/3012/kyle-lowry
2014-11-18|Jonas Valanciunas|17|NBA|Toronto Raptors|C|97|72|7|http://espn.go.com/nba/player/stats/_/id/6477/jonas-valanciunas
2014-11-18|Bruno Caboclo|5|NBA|Toronto Raptors|SF|0|0|0|http://espn.go.com/nba/player/stats/_/id/3113297/bruno-caboclo
2014-11-18|Lucas Nogueira|92|NBA|Toronto Raptors|C|0|0|0|http://espn.go.com/nba/player/stats/_/id/3032980/lucas-nogueira
2014-11-18|Chuck Hayes|44|NBA|Toronto Raptors|C|2|7|3|http://espn.go.com/nba/player/stats/_/id/2834/chuck-hayes
2014-11-18|James Johnson|3|NBA|Toronto Raptors|PF|76|38|19|http://espn.go.com/nba/player/stats/_/id/3999/james-johnson
2014-11-18|Terrence Ross|31|NBA|Toronto Raptors|SF|108|30|12|http://espn.go.com/nba/player/stats/_/id/6619/terrence-ross
2014-11-18|Greivis Vasquez|21|NBA|Toronto Raptors|PG|81|25|21|http://espn.go.com/nba/player/stats/_/id/4291/greivis-vasquez
2014-11-18|Landry Fields|2|NBA|Toronto Raptors|SG|2|0|0|http://espn.go.com/nba/player/stats/_/id/4274/landry-fields
2014-11-18|Dante Exum|11|NBA|Utah Jazz|SG|61|17|27|http://espn.go.com/nba/player/stats/_/id/3102528/dante-exum
2014-11-18|Trey Burke|3|NBA|Utah Jazz|PG|109|26|59|http://espn.go.com/nba/player/stats/_/id/2579260/trey-burke
2014-11-18|Ian Clark|21|NBA|Utah Jazz|SG|10|2|0|http://espn.go.com/nba/player/stats/_/id/2489785/ian-clark
2014-11-18|Joe Ingles|2|NBA|Utah Jazz|SF|26|15|18|http://espn.go.com/nba/player/stats/_/id/2968436/joe-ingles
2014-11-18|Rudy Gobert|27|NBA|Utah Jazz|C|52|51|7|http://espn.go.com/nba/player/stats/_/id/3032976/rudy-gobert
2014-11-18|Toure' Murry|23|NBA|Utah Jazz|SF|0|0|0|http://espn.go.com/nba/player/stats/_/id/2327107/toure'-murry
2014-11-18|Gordon Hayward|20|NBA|Utah Jazz|SF|211|61|53|http://espn.go.com/nba/player/stats/_/id/4249/gordon-hayward
2014-11-18|Louis Williams|23|NBA|Toronto Raptors|SG|103|11|8|http://espn.go.com/nba/player/stats/_/id/2799/louis-williams
2014-11-18|Rodney Hood|5|NBA|Utah Jazz|SG|24|20|6|http://espn.go.com/nba/player/stats/_/id/2581177/rodney-hood
2014-11-18|Alec Burks|10|NBA|Utah Jazz|PG|148|43|33|http://espn.go.com/nba/player/stats/_/id/6429/alec-burks
2014-11-18|Enes Kanter|0|NBA|Utah Jazz|C|139|64|4|http://espn.go.com/nba/player/stats/_/id/6447/enes-kanter
2014-11-18|Jordan Hamilton|25|NBA|Utah Jazz|SG|0|0|0|http://espn.go.com/nba/player/stats/_/id/6436/jordan-hamilton
2014-11-18|Trevor Booker|33|NBA|Utah Jazz|PF|95|45|13|http://espn.go.com/nba/player/stats/_/id/4270/trevor-booker
2014-11-18|Jeremy Evans|40|NBA|Utah Jazz|SF|0|0|0|http://espn.go.com/nba/player/stats/_/id/4295/jeremy-evans
2014-11-18|Derrick Favors|15|NBA|Utah Jazz|PF|186|91|19|http://espn.go.com/nba/player/stats/_/id/4257/derrick-favors
2014-11-18|Steve Novak|16|NBA|Utah Jazz|SF|12|3|0|http://espn.go.com/nba/player/stats/_/id/3018/steve-novak
2014-11-18|P.J. Tucker|17|NBA|Phoenix Suns|SF|46|39|9|http://espn.go.com/nba/player/stats/_/id/3033/p.j.-tucker
2014-11-18|Isaiah Thomas|3|NBA|Phoenix Suns|PG|167|22|43|http://espn.go.com/nba/player/stats/_/id/6472/isaiah-thomas
2014-11-18|Marcus Morris|15|NBA|Phoenix Suns|PF|105|42|15|http://espn.go.com/nba/player/stats/_/id/6462/marcus-morris
2014-11-18|Tyler Ennis|4|NBA|Phoenix Suns|PG|2|1|3|http://espn.go.com/nba/player/stats/_/id/3059281/tyler-ennis
2014-11-18|Miles Plumlee|22|NBA|Phoenix Suns|C|73|67|7|http://espn.go.com/nba/player/stats/_/id/6616/miles-plumlee
2014-11-18|Eric Bledsoe|2|NBA|Phoenix Suns|PG|133|50|54|http://espn.go.com/nba/player/stats/_/id/4238/eric-bledsoe
2014-11-18|Gerald Green|14|NBA|Phoenix Suns|SG|146|28|8|http://espn.go.com/nba/player/stats/_/id/2761/gerald-green
2014-11-18|Goran Dragic|1|NBA|Phoenix Suns|SG|150|31|28|http://espn.go.com/nba/player/stats/_/id/3423/goran-dragic
2014-11-18|Markieff Morris|11|NBA|Phoenix Suns|PF|138|63|17|http://espn.go.com/nba/player/stats/_/id/6461/markieff-morris
2014-11-18|Alex Len|21|NBA|Phoenix Suns|C|52|51|5|http://espn.go.com/nba/player/stats/_/id/2596107/alex-len
2014-11-18|Archie Goodwin|20|NBA|Phoenix Suns|SG|6|3|3|http://espn.go.com/nba/player/stats/_/id/2991281/archie-goodwin
2014-11-18|Corey Brewer|13|NBA|Minnesota Timberwolves|SG|88|28|13|http://espn.go.com/nba/player/stats/_/id/3191/corey-brewer
2014-11-18|T.J. Warren|12|NBA|Phoenix Suns|SF|0|0|0|http://espn.go.com/nba/player/stats/_/id/2982334/t.j.-warren
2014-11-18|Anthony Tolliver|40|NBA|Phoenix Suns|PF|19|21|2|http://espn.go.com/nba/player/stats/_/id/3276/anthony-tolliver
2014-11-18|Shavlik Randolph|43|NBA|Phoenix Suns|PF|3|6|0|http://espn.go.com/nba/player/stats/_/id/2810/shavlik-randolph
2014-11-18|Glenn Robinson III|1|NBA|Minnesota Timberwolves|SG|1|1|0|http://espn.go.com/nba/player/stats/_/id/2991039/glenn-robinson-iii
2014-11-18|Gorgui Dieng|5|NBA|Minnesota Timberwolves|C|72|62|7|http://espn.go.com/nba/player/stats/_/id/2534781/gorgui-dieng
2014-11-18|Zach LaVine|8|NBA|Minnesota Timberwolves|PG|34|15|16|http://espn.go.com/nba/player/stats/_/id/3064440/zach-lavine
2014-11-18|Chase Budinger|10|NBA|Minnesota Timberwolves|SF|15|14|0|http://espn.go.com/nba/player/stats/_/id/3968/chase-budinger
2014-11-18|Ronny Turiaf|32|NBA|Minnesota Timberwolves|C|0|1|2|http://espn.go.com/nba/player/stats/_/id/2789/ronny-turiaf
2014-11-18|Robbie Hummel|4|NBA|Minnesota Timberwolves|SF|20|13|1|http://espn.go.com/nba/player/stats/_/id/6633/robbie-hummel
2014-11-18|Andrew Wiggins|22|NBA|Minnesota Timberwolves|SF|95|30|7|http://espn.go.com/nba/player/stats/_/id/3059319/andrew-wiggins
2014-11-18|Isaiah Canaan|0|NBA|Houston Rockets|PG|82|18|14|http://espn.go.com/nba/player/stats/_/id/2490589/isaiah-canaan
2014-11-18|Patrick Beverley|2|NBA|Houston Rockets|PG|43|19|9|http://espn.go.com/nba/player/stats/_/id/3964/patrick-beverley
2014-11-18|Ricky Rubio|9|NBA|Minnesota Timberwolves|PG|47|28|50|http://espn.go.com/nba/player/stats/_/id/4011/ricky-rubio
2014-11-18|Nikola Pekovic|14|NBA|Minnesota Timberwolves|C|107|73|6|http://espn.go.com/nba/player/stats/_/id/3453/nikola-pekovic
2014-11-18|Thaddeus Young|33|NBA|Minnesota Timberwolves|SF|100|35|11|http://espn.go.com/nba/player/stats/_/id/3244/thaddeus-young
2014-11-18|Tarik Black|10|NBA|Houston Rockets|F|21|30|1|http://espn.go.com/nba/player/stats/_/id/2528393/tarik-black
2014-11-18|Clint Capela|15|NBA|Houston Rockets|C|0|3|1|http://espn.go.com/nba/player/stats/_/id/3102529/clint-capela
2014-11-18|Troy Daniels|30|NBA|Houston Rockets|SG|20|1|3|http://espn.go.com/nba/player/stats/_/id/2489530/troy-daniels
2014-11-18|Kostas Papanikolaou|16|NBA|Houston Rockets|SF|46|42|28|http://espn.go.com/nba/player/stats/_/id/4195/kostas-papanikolaou
2014-11-18|Terrence Jones|6|NBA|Houston Rockets|PF|56|30|6|http://espn.go.com/nba/player/stats/_/id/6597/terrence-jones
2014-11-18|Francisco Garcia|32|NBA|Houston Rockets|SG|10|2|0|http://espn.go.com/nba/player/stats/_/id/2755/francisco-garcia
2014-11-18|Trevor Ariza|1|NBA|Houston Rockets|SF|145|59|24|http://espn.go.com/nba/player/stats/_/id/2426/trevor-ariza
2014-11-18|Dwight Howard|12|NBA|Houston Rockets|C|173|104|11|http://espn.go.com/nba/player/stats/_/id/2384/dwight-howard
2014-11-18|James Harden|13|NBA|Houston Rockets|SG|255|66|72|http://espn.go.com/nba/player/stats/_/id/3992/james-harden
2014-11-18|Nick Johnson|3|NBA|Houston Rockets|SG|2|1|0|http://espn.go.com/nba/player/stats/_/id/2580589/nick-johnson
2014-11-18|Will Cherry|5|NBA|Cleveland Cavaliers|PG|6|3|2|http://espn.go.com/nba/player/stats/_/id/2489897/will-cherry
2014-11-18|Joe Harris|12|NBA|Cleveland Cavaliers|SG|25|9|6|http://espn.go.com/nba/player/stats/_/id/2528794/joe-harris
2014-11-18|Kyrie Irving|2|NBA|Cleveland Cavaliers|PG|179|24|40|http://espn.go.com/nba/player/stats/_/id/6442/kyrie-irving
2014-11-18|Joey Dorsey|8|NBA|Houston Rockets|PF|2|6|0|http://espn.go.com/nba/player/stats/_/id/3421/joey-dorsey
2014-11-18|Donatas Motiejunas|20|NBA|Houston Rockets|PF|52|56|13|http://espn.go.com/nba/player/stats/_/id/6464/donatas-motiejunas
2014-11-18|Jason Terry|31|NBA|Houston Rockets|SG|76|10|10|http://espn.go.com/nba/player/stats/_/id/841/jason-terry
2014-11-18|Matthew Dellavedova|8|NBA|Cleveland Cavaliers|SG|8|3|7|http://espn.go.com/nba/player/stats/_/id/2489716/matthew-dellavedova
2014-11-18|Kevin Love|0|NBA|Cleveland Cavaliers|PF|137|82|20|http://espn.go.com/nba/player/stats/_/id/3449/kevin-love
2014-11-18|Lou Amundson|89|NBA|Cleveland Cavaliers|PF|2|2|1|http://espn.go.com/nba/player/stats/_/id/3041/lou-amundson
2014-11-18|LeBron James|23|NBA|Cleveland Cavaliers|SF|222|51|54|http://espn.go.com/nba/player/stats/_/id/1966/lebron-james
2014-11-18|Brendan Haywood|33|NBA|Cleveland Cavaliers|C|4|4|0|http://espn.go.com/nba/player/stats/_/id/1000/brendan-haywood
2014-11-18|Anderson Varejao|17|NBA|Cleveland Cavaliers|C|82|48|16|http://espn.go.com/nba/player/stats/_/id/2419/anderson-varejao
2014-11-18|James Jones|1|NBA|Cleveland Cavaliers|SF|3|1|0|http://espn.go.com/nba/player/stats/_/id/2009/james-jones
2014-11-18|Mike Miller|18|NBA|Cleveland Cavaliers|SF|8|14|3|http://espn.go.com/nba/player/stats/_/id/558/mike-miller
2014-11-18|Alex Kirk|53|NBA|Cleveland Cavaliers|C|2|0|1|http://espn.go.com/nba/player/stats/_/id/2528355/alex-kirk
2014-11-18|Dion Waiters|3|NBA|Cleveland Cavaliers|SG|66|10|14|http://espn.go.com/nba/player/stats/_/id/6628/dion-waiters
2014-11-18|John Jenkins|12|NBA|Atlanta Hawks|SG|12|1|0|http://espn.go.com/nba/player/stats/_/id/6594/john-jenkins
2014-11-18|Kent Bazemore|24|NBA|Atlanta Hawks|SG|11|9|5|http://espn.go.com/nba/player/stats/_/id/6637/kent-bazemore
2014-11-18|Shelvin Mack|8|NBA|Atlanta Hawks|PG|28|10|19|http://espn.go.com/nba/player/stats/_/id/6454/shelvin-mack
2014-11-18|DeMarre Carroll|5|NBA|Atlanta Hawks|SF|72|38|9|http://espn.go.com/nba/player/stats/_/id/3970/demarre-carroll
2014-11-18|Tristan Thompson|13|NBA|Cleveland Cavaliers|PF|77|50|4|http://espn.go.com/nba/player/stats/_/id/6474/tristan-thompson
2014-11-18|Shawn Marion|31|NBA|Cleveland Cavaliers|SF|42|29|8|http://espn.go.com/nba/player/stats/_/id/510/shawn-marion
2014-11-18|Al Horford|15|NBA|Atlanta Hawks|C|123|60|24|http://espn.go.com/nba/player/stats/_/id/3213/al-horford
2014-11-18|Pero Antic|6|NBA|Atlanta Hawks|PF|38|19|6|http://espn.go.com/nba/player/stats/_/id/2585616/pero-antic
2014-11-18|Mike Muscala|31|NBA|Atlanta Hawks|PF|17|6|0|http://espn.go.com/nba/player/stats/_/id/2490089/mike-muscala
2014-11-18|Dennis Schroder|17|NBA|Atlanta Hawks|PG|66|14|21|http://espn.go.com/nba/player/stats/_/id/3032979/dennis-schroder
2014-11-18|Paul Millsap|4|NBA|Atlanta Hawks|PF|151|76|27|http://espn.go.com/nba/player/stats/_/id/3015/paul-millsap
2014-11-18|Thabo Sefolosha|25|NBA|Atlanta Hawks|SG|54|42|15|http://espn.go.com/nba/player/stats/_/id/3028/thabo-sefolosha
2014-11-18|Kyle Korver|26|NBA|Atlanta Hawks|SG|129|39|27|http://espn.go.com/nba/player/stats/_/id/2011/kyle-korver
2014-11-18|Elton Brand|7|NBA|Atlanta Hawks|PF|7|3|2|http://espn.go.com/nba/player/stats/_/id/91/elton-brand
2014-11-18|Bojan Bogdanovic|44|NBA|Brooklyn Nets|SG|83|23|10|http://espn.go.com/nba/player/stats/_/id/3593/bojan-bogdanovic
2014-11-18|Sergey Karasev|10|NBA|Brooklyn Nets|SG|2|4|1|http://espn.go.com/nba/player/stats/_/id/2959745/sergey-karasev
2014-11-18|Adreian Payne|33|NBA|Atlanta Hawks|PF|0|0|0|http://espn.go.com/nba/player/stats/_/id/2531100/adreian-payne
2014-11-18|Mike Scott|32|NBA|Atlanta Hawks|PF|74|17|4|http://espn.go.com/nba/player/stats/_/id/6622/mike-scott
2014-11-18|Jeff Teague|0|NBA|Atlanta Hawks|PG|135|18|67|http://espn.go.com/nba/player/stats/_/id/4015/jeff-teague
2014-11-18|Jarrett Jack|0|NBA|Brooklyn Nets|PG|82|22|23|http://espn.go.com/nba/player/stats/_/id/2768/jarrett-jack
2014-11-18|Joe Johnson|7|NBA|Brooklyn Nets|SF|172|51|35|http://espn.go.com/nba/player/stats/_/id/1007/joe-johnson
2014-11-18|Kevin Garnett|2|NBA|Brooklyn Nets|PF|76|76|18|http://espn.go.com/nba/player/stats/_/id/261/kevin-garnett
2014-11-18|Markel Brown|22|NBA|Brooklyn Nets|SG|0|0|0|http://espn.go.com/nba/player/stats/_/id/2530750/markel-brown
2014-11-18|Mirza Teletovic|33|NBA|Brooklyn Nets|PF|92|44|14|http://espn.go.com/nba/player/stats/_/id/4385/mirza-teletovic
2014-11-18|Brook Lopez|11|NBA|Brooklyn Nets|C|115|37|2|http://espn.go.com/nba/player/stats/_/id/3448/brook-lopez
2014-11-18|Cory Jefferson|21|NBA|Brooklyn Nets|PF|8|3|0|http://espn.go.com/nba/player/stats/_/id/2488845/cory-jefferson
2014-11-18|Jerome Jordan|9|NBA|Brooklyn Nets|C|12|13|1|http://espn.go.com/nba/player/stats/_/id/4280/jerome-jordan
2014-11-18|Jorge Gutierrez|13|NBA|Brooklyn Nets|PG|4|0|0|http://espn.go.com/nba/player/stats/_/id/2327449/jorge-gutierrez
2014-11-18|Alan Anderson|6|NBA|Brooklyn Nets|SG|47|20|5|http://espn.go.com/nba/player/stats/_/id/6569/alan-anderson
2014-11-18|Andrei Kirilenko|47|NBA|Brooklyn Nets|SF|3|8|1|http://espn.go.com/nba/player/stats/_/id/434/andrei-kirilenko
2014-11-18|Solomon Hill|44|NBA|Indiana Pacers|SF|139|66|16|http://espn.go.com/nba/player/stats/_/id/2488958/solomon-hill
2014-11-18|Chris Copeland|22|NBA|Indiana Pacers|SF|156|54|20|http://espn.go.com/nba/player/stats/_/id/6635/chris-copeland
2014-11-18|Damjan Rudez|9|NBA|Indiana Pacers|SF|49|10|9|http://espn.go.com/nba/player/stats/_/id/2309097/damjan-rudez
2014-11-18|Mason Plumlee|1|NBA|Brooklyn Nets|C|54|53|4|http://espn.go.com/nba/player/stats/_/id/2488653/mason-plumlee
2014-11-18|Roy Hibbert|55|NBA|Indiana Pacers|C|150|89|19|http://espn.go.com/nba/player/stats/_/id/3436/roy-hibbert
2014-11-18|C.J. Miles|0|NBA|Indiana Pacers|SG|46|9|11|http://espn.go.com/nba/player/stats/_/id/2778/c.j.-miles
2014-11-18|Donald Sloan|15|NBA|Indiana Pacers|PG|139|47|55|http://espn.go.com/nba/player/stats/_/id/4303/donald-sloan
2014-11-18|Deron Williams|8|NBA|Brooklyn Nets|PG|168|25|58|http://espn.go.com/nba/player/stats/_/id/2798/deron-williams
2014-11-18|Shayne Whittington|42|NBA|Indiana Pacers|PF|5|8|2|http://espn.go.com/nba/player/stats/_/id/2491063/shayne-whittington
2014-11-18|Lavoy Allen|5|NBA|Indiana Pacers|PF|82|82|15|http://espn.go.com/nba/player/stats/_/id/6424/lavoy-allen
2014-11-18|Paul George|13|NBA|Indiana Pacers|SF|0|0|0|http://espn.go.com/nba/player/stats/_/id/4251/paul-george
2014-11-18|George Hill|3|NBA|Indiana Pacers|PG|0|0|0|http://espn.go.com/nba/player/stats/_/id/3438/george-hill
2014-11-18|A.J. Price|12|NBA|Indiana Pacers|PG|78|10|17|http://espn.go.com/nba/player/stats/_/id/4010/a.j.-price
2014-11-18|C.J. Watson|32|NBA|Indiana Pacers|PG|0|0|0|http://espn.go.com/nba/player/stats/_/id/3277/c.j.-watson
2014-11-18|Luis Scola|4|NBA|Indiana Pacers|PF|91|78|14|http://espn.go.com/nba/player/stats/_/id/1781/luis-scola
2014-11-18|Ian Mahinmi|28|NBA|Indiana Pacers|C|41|51|7|http://espn.go.com/nba/player/stats/_/id/2774/ian-mahinmi
2014-11-18|Erick Green|11|NBA|Denver Nuggets|PG|6|1|1|http://espn.go.com/nba/player/stats/_/id/2488684/erick-green
2014-11-18|Kenneth Faried|35|NBA|Denver Nuggets|PF|108|71|13|http://espn.go.com/nba/player/stats/_/id/6433/kenneth-faried
2014-11-18|Danilo Gallinari|8|NBA|Denver Nuggets|SF|62|25|8|http://espn.go.com/nba/player/stats/_/id/3428/danilo-gallinari
2014-11-18|JaVale McGee|34|NBA|Denver Nuggets|C|49|22|0|http://espn.go.com/nba/player/stats/_/id/3452/javale-mcgee
2014-11-18|J.J. Hickson|7|NBA|Denver Nuggets|C|29|31|7|http://espn.go.com/nba/player/stats/_/id/3437/j.j.-hickson
2014-11-18|Darrell Arthur|00|NBA|Denver Nuggets|PF|56|27|9|http://espn.go.com/nba/player/stats/_/id/3413/darrell-arthur
2014-11-18|David West|21|NBA|Indiana Pacers|PF|0|0|0|http://espn.go.com/nba/player/stats/_/id/2177/david-west
2014-11-18|Rodney Stuckey|2|NBA|Indiana Pacers|PG|35|5|10|http://espn.go.com/nba/player/stats/_/id/3235/rodney-stuckey
2014-11-18|Gary Harris|14|NBA|Denver Nuggets|SG|13|3|2|http://espn.go.com/nba/player/stats/_/id/2999547/gary-harris
2014-11-18|Ty Lawson|3|NBA|Denver Nuggets|PG|128|21|64|http://espn.go.com/nba/player/stats/_/id/4000/ty-lawson
2014-11-18|Jusuf Nurkic|23|NBA|Denver Nuggets|C|32|28|4|http://espn.go.com/nba/player/stats/_/id/3102530/jusuf-nurkic
2014-11-18|Timofey Mozgov|25|NBA|Denver Nuggets|C|69|60|4|http://espn.go.com/nba/player/stats/_/id/4298/timofey-mozgov
2014-11-18|Wilson Chandler|21|NBA|Denver Nuggets|SF|93|43|16|http://espn.go.com/nba/player/stats/_/id/3194/wilson-chandler
2014-11-18|Arron Afflalo|10|NBA|Denver Nuggets|SG|104|28|16|http://espn.go.com/nba/player/stats/_/id/3187/arron-afflalo
2014-11-18|Randy Foye|4|NBA|Denver Nuggets|SG|76|10|17|http://espn.go.com/nba/player/stats/_/id/3003/randy-foye
2014-11-18|Alonzo Gee|1|NBA|Denver Nuggets|SF|30|17|3|http://espn.go.com/nba/player/stats/_/id/4232/alonzo-gee
2014-11-18|Zoran Dragic|10|NBA|Phoenix Suns|SG|0|0|0|http://espn.go.com/nba/player/stats/_/id/2560823/zoran-dragic
2014-11-18|Kawhi Leonard|2|NBA|San Antonio Spurs|SF|111|58|19|http://espn.go.com/nba/player/stats/_/id/6450/kawhi-leonard
2014-11-18|Shabazz Muhammad|15|NBA|Minnesota Timberwolves|SF|70|20|3|http://espn.go.com/nba/player/stats/_/id/2993875/shabazz-muhammad
2014-11-18|Kevin Durant|35|NBA|Oklahoma City Thunder|SF|0|0|0|http://espn.go.com/nba/player/stats/_/id/3202/kevin-durant
2014-11-18|Anthony Bennett|24|NBA|Minnesota Timberwolves|PF|47|26|9|http://espn.go.com/nba/player/stats/_/id/2991473/anthony-bennett
2014-11-18|Nate Robinson|5|NBA|Denver Nuggets|PG|54|8|15|http://espn.go.com/nba/player/stats/_/id/2782/nate-robinson
2014-11-18|Matt Bonner|15|NBA|San Antonio Spurs|PF|28|14|5|http://espn.go.com/nba/player/stats/_/id/1996/matt-bonner
2014-11-18|Tyreke Evans|1|NBA|New Orleans Pelicans|SF|130|54|57|http://espn.go.com/nba/player/stats/_/id/3983/tyreke-evans
2014-11-18|Kevin Martin|23|NBA|Minnesota Timberwolves|SG|147|29|15|http://espn.go.com/nba/player/stats/_/id/2394/kevin-martin
2014-11-18|Mo Williams|25|NBA|Minnesota Timberwolves|PG|62|14|42|http://espn.go.com/nba/player/stats/_/id/2178/mo-williams
