2014-12-01|Kenny Stills|84|NFL|New Orleans Saints|WR|3|691|http://espn.go.com/nfl/player/_/id/16016/kenny-stills
2014-12-01|Nick Toon|88|NFL|New Orleans Saints|WR|1|59|http://espn.go.com/nfl/player/_/id/14921/nick-toon
2014-12-01|Brandin Cooks|10|NFL|New Orleans Saints|WR|3|550|http://espn.go.com/nfl/player/_/id/16731/brandin-cooks
2014-12-01|Luke McCown|7|NFL|New Orleans Saints|QB|0|0|http://espn.go.com/nfl/player/_/id/5631/luke-mccown
2014-12-01|Mark Ingram|22|NFL|New Orleans Saints|RB|6|767|http://espn.go.com/nfl/player/_/id/13981/mark-ingram
2014-12-01|Pierre Thomas|23|NFL|New Orleans Saints|RB|3|173|http://espn.go.com/nfl/player/_/id/10713/pierre-thomas
2014-12-01|Joseph Morgan|13|NFL|New Orleans Saints|WR|0|69|http://espn.go.com/nfl/player/_/id/14424/joseph-morgan
2014-12-01|Drew Brees|9|NFL|New Orleans Saints|QB|27|3748|http://espn.go.com/nfl/player/_/id/2580/drew-brees
2014-12-01|Jalen Saunders|18|NFL|New Orleans Saints|WR|0|0|http://espn.go.com/nfl/player/_/id/16928/jalen-saunders
2014-12-01|Robert Meachem|17|NFL|New Orleans Saints|WR|0|85|http://espn.go.com/nfl/player/_/id/10471/robert-meachem
2014-12-01|Marques Colston|12|NFL|New Orleans Saints|WR|3|634|http://espn.go.com/nfl/player/_/id/9838/marques-colston
2014-12-01|Khiry Robinson|29|NFL|New Orleans Saints|RB|2|330|http://espn.go.com/nfl/player/_/id/16530/khiry-robinson
2014-12-01|Andy Tanner|14|NFL|New Orleans Saints|WR|0|0|http://espn.go.com/nfl/player/_/id/13872/andy-tanner
2014-12-01|Travaris Cadet|39|NFL|New Orleans Saints|RB|1|27|http://espn.go.com/nfl/player/_/id/15457/travaris-cadet
2014-12-01|Austin Davis|9|NFL|St. Louis Rams|QB|12|2001|http://espn.go.com/nfl/player/_/id/15187/austin-davis
2014-12-01|Benjamin Cunningham|36|NFL|St. Louis Rams|RB|4|215|http://espn.go.com/nfl/player/_/id/16055/benjamin-cunningham
2014-12-01|Isaiah Pead|24|NFL|St. Louis Rams|RB|0|0|http://espn.go.com/nfl/player/_/id/14888/isaiah-pead
2014-12-01|Kenny Britt|81|NFL|St. Louis Rams|WR|3|490|http://espn.go.com/nfl/player/_/id/12556/kenny-britt
2014-12-01|Zac Stacy|30|NFL|St. Louis Rams|RB|1|282|http://espn.go.com/nfl/player/_/id/15996/zac-stacy
2014-12-01|Tavon Austin|11|NFL|St. Louis Rams|WR|0|186|http://espn.go.com/nfl/player/_/id/15786/tavon-austin
2014-12-01|Brian Quick|83|NFL|St. Louis Rams|WR|3|375|http://espn.go.com/nfl/player/_/id/14914/brian-quick
2014-12-01|Shaun Hill|14|NFL|St. Louis Rams|QB|4|682|http://espn.go.com/nfl/player/_/id/4260/shaun-hill
2014-12-01|Sam Bradford|8|NFL|St. Louis Rams|QB|0|0|http://espn.go.com/nfl/player/_/id/13197/sam-bradford
2014-12-01|Tre Mason|27|NFL|St. Louis Rams|RB|4|562|http://espn.go.com/nfl/player/_/id/16784/tre-mason
2014-12-01|Trey Watts|42|NFL|St. Louis Rams|RB|0|30|http://espn.go.com/nfl/player/_/id/17282/trey-watts
2014-12-01|Stedman Bailey|12|NFL|St. Louis Rams|WR|1|275|http://espn.go.com/nfl/player/_/id/15822/stedman-bailey
2014-12-01|Chase Reynolds|34|NFL|St. Louis Rams|RB|0|0|http://espn.go.com/nfl/player/_/id/14820/chase-reynolds
2014-12-01|Chris Givens|13|NFL|St. Louis Rams|WR|0|94|http://espn.go.com/nfl/player/_/id/15078/chris-givens
2014-12-01|Shane Vereen|34|NFL|New England Patriots|RB|4|346|http://espn.go.com/nfl/player/_/id/14017/shane-vereen
2014-12-01|Brandon Bolden|38|NFL|New England Patriots|RB|1|42|http://espn.go.com/nfl/player/_/id/15478/brandon-bolden
2014-12-01|Jonas Gray|35|NFL|New England Patriots|RB|4|336|http://espn.go.com/nfl/player/_/id/15364/jonas-gray
2014-12-01|Jimmy Garoppolo|10|NFL|New England Patriots|QB|1|92|http://espn.go.com/nfl/player/_/id/16760/jimmy-garoppolo
2014-12-01|Matthew Slater|18|NFL|New England Patriots|WR|0|0|http://espn.go.com/nfl/player/_/id/11387/matthew-slater
2014-12-01|Brandon LaFell|19|NFL|New England Patriots|WR|7|712|http://espn.go.com/nfl/player/_/id/12576/brandon-lafell
2014-12-01|Aaron Dobson|17|NFL|New England Patriots|WR|0|38|http://espn.go.com/nfl/player/_/id/15834/aaron-dobson
2014-12-01|James White|28|NFL|New England Patriots|RB|0|38|http://espn.go.com/nfl/player/_/id/16913/james-white
2014-12-01|Danny Amendola|80|NFL|New England Patriots|WR|1|95|http://espn.go.com/nfl/player/_/id/11674/danny-amendola
2014-12-01|Tyler Gaffney|31|NFL|New England Patriots|RB|0|0|http://espn.go.com/nfl/player/_/id/16838/tyler-gaffney
2014-12-01|Tom Brady|12|NFL|New England Patriots|QB|28|3243|http://espn.go.com/nfl/player/_/id/2330/tom-brady
2014-12-01|Stevan Ridley|22|NFL|New England Patriots|RB|2|340|http://espn.go.com/nfl/player/_/id/14028/stevan-ridley
2014-12-01|LeGarrette Blount|29|NFL|New England Patriots|RB|4|402|http://espn.go.com/nfl/player/_/id/13213/legarrette-blount
2014-12-01|Greg Orton|89|NFL|New England Patriots|WR|0|0|http://espn.go.com/nfl/player/_/id/12589/greg-orton
2014-12-01|Brian Tyms|84|NFL|New England Patriots|WR|1|43|http://espn.go.com/nfl/player/_/id/15252/brian-tyms
2014-12-01|Julian Edelman|11|NFL|New England Patriots|WR|2|743|http://espn.go.com/nfl/player/_/id/12649/julian-edelman
2014-12-01|Charles Sims|34|NFL|Tampa Bay Buccaneers|RB|0|87|http://espn.go.com/nfl/player/_/id/16749/charles-sims
2014-12-01|Mike Evans|13|NFL|Tampa Bay Buccaneers|WR|8|890|http://espn.go.com/nfl/player/_/id/16737/mike-evans
2014-12-01|Russell Shepard|89|NFL|Tampa Bay Buccaneers|WR|0|30|http://espn.go.com/nfl/player/_/id/16227/russell-shepard
2014-12-01|Vincent Jackson|83|NFL|Tampa Bay Buccaneers|WR|2|702|http://espn.go.com/nfl/player/_/id/8475/vincent-jackson
2014-12-01|Josh McCown|12|NFL|Tampa Bay Buccaneers|QB|7|1540|http://espn.go.com/nfl/player/_/id/3609/josh-mccown
2014-12-01|Doug Martin|22|NFL|Tampa Bay Buccaneers|RB|2|251|http://espn.go.com/nfl/player/_/id/14885/doug-martin
2014-12-01|Mike Glennon|8|NFL|Tampa Bay Buccaneers|QB|10|1417|http://espn.go.com/nfl/player/_/id/15837/mike-glennon
2014-12-01|Mike James|25|NFL|Tampa Bay Buccaneers|RB|0|37|http://espn.go.com/nfl/player/_/id/15968/mike-james
2014-12-01|Bobby Rainey|43|NFL|Tampa Bay Buccaneers|RB|2|406|http://espn.go.com/nfl/player/_/id/15501/bobby-rainey
2014-12-01|Louis Murphy|18|NFL|Tampa Bay Buccaneers|WR|2|362|http://espn.go.com/nfl/player/_/id/12585/louis-murphy
2014-12-01|Josh Huff|11|NFL|Philadelphia Eagles|WR|0|48|http://espn.go.com/nfl/player/_/id/16779/josh-huff
2014-12-01|Brad Smith|16|NFL|Philadelphia Eagles|WR|0|11|http://espn.go.com/nfl/player/_/id/9689/brad-smith
2014-12-01|LeSean McCoy|25|NFL|Philadelphia Eagles|RB|4|1018|http://espn.go.com/nfl/player/_/id/12514/lesean-mccoy
2014-12-01|Darren Sproles|43|NFL|Philadelphia Eagles|RB|5|295|http://espn.go.com/nfl/player/_/id/8544/darren-sproles
2014-12-01|Nick Foles|9|NFL|Philadelphia Eagles|QB|13|2163|http://espn.go.com/nfl/player/_/id/14877/nick-foles
2014-12-01|Jeff Maehl|88|NFL|Philadelphia Eagles|WR|0|46|http://espn.go.com/nfl/player/_/id/14590/jeff-maehl
2014-12-01|Matt Barkley|2|NFL|Philadelphia Eagles|QB|0|0|http://espn.go.com/nfl/player/_/id/15948/matt-barkley
2014-12-01|Jeremy Maclin|18|NFL|Philadelphia Eagles|WR|9|1088|http://espn.go.com/nfl/player/_/id/12579/jeremy-maclin
2014-12-01|Riley Cooper|14|NFL|Philadelphia Eagles|WR|1|457|http://espn.go.com/nfl/player/_/id/13225/riley-cooper
2014-12-01|Chris Polk|32|NFL|Philadelphia Eagles|RB|1|128|http://espn.go.com/nfl/player/_/id/14889/chris-polk
2014-12-01|Mark Sanchez|3|NFL|Philadelphia Eagles|QB|8|1404|http://espn.go.com/nfl/player/_/id/12482/mark-sanchez
2014-12-01|Jordan Matthews|81|NFL|Philadelphia Eagles|WR|7|686|http://espn.go.com/nfl/player/_/id/16763/jordan-matthews
2014-12-01|Landry Jones|3|NFL|Pittsburgh Steelers|QB|0|0|http://espn.go.com/nfl/player/_/id/15904/landry-jones
2014-12-01|Josh Harris|40|NFL|Pittsburgh Steelers|RB|0|0|http://espn.go.com/nfl/player/_/id/2467210/josh-harris
2014-12-01|Dri Archer|13|NFL|Pittsburgh Steelers|RB|0|41|http://espn.go.com/nfl/player/_/id/16755/dri-archer
2014-12-01|Antonio Brown|84|NFL|Pittsburgh Steelers|WR|11|1258|http://espn.go.com/nfl/player/_/id/13934/antonio-brown
2014-12-01|Lance Moore|16|NFL|Pittsburgh Steelers|WR|2|169|http://espn.go.com/nfl/player/_/id/9400/lance-moore
2014-12-01|Martavis Bryant|10|NFL|Pittsburgh Steelers|WR|6|344|http://espn.go.com/nfl/player/_/id/16886/martavis-bryant
2014-12-01|Justin Brown|15|NFL|Pittsburgh Steelers|WR|0|94|http://espn.go.com/nfl/player/_/id/16011/justin-brown
2014-12-01|Le'Veon Bell|26|NFL|Pittsburgh Steelers|RB|5|1046|http://espn.go.com/nfl/player/_/id/15825/le'veon-bell
2014-12-01|Ben Roethlisberger|7|NFL|Pittsburgh Steelers|QB|26|3705|http://espn.go.com/nfl/player/_/id/5536/ben-roethlisberger
2014-12-01|Darrius Heyward-Bey|85|NFL|Pittsburgh Steelers|WR|0|33|http://espn.go.com/nfl/player/_/id/12570/darrius-heyward-bey
2014-12-01|Markus Wheaton|11|NFL|Pittsburgh Steelers|WR|2|503|http://espn.go.com/nfl/player/_/id/15873/markus-wheaton
2014-12-01|Bruce Gradkowski|5|NFL|Pittsburgh Steelers|QB|0|0|http://espn.go.com/nfl/player/_/id/9780/bruce-gradkowski
2014-12-01|Matt Ryan|2|NFL|Atlanta Falcons|QB|21|3427|http://espn.go.com/nfl/player/_/id/11237/matt-ryan
2014-12-01|Jacquizz Rodgers|32|NFL|Atlanta Falcons|RB|2|121|http://espn.go.com/nfl/player/_/id/14193/jacquizz-rodgers
2014-12-01|Devonta Freeman|24|NFL|Atlanta Falcons|RB|1|180|http://espn.go.com/nfl/player/_/id/16944/devonta-freeman
2014-12-01|Roddy White|84|NFL|Atlanta Falcons|WR|5|662|http://espn.go.com/nfl/player/_/id/8442/roddy-white
2014-12-01|Julio Jones|11|NFL|Atlanta Falcons|WR|5|1169|http://espn.go.com/nfl/player/_/id/13982/julio-jones
2014-12-01|Harry Douglas|83|NFL|Atlanta Falcons|WR|1|339|http://espn.go.com/nfl/player/_/id/11318/harry-douglas
2014-12-01|Sean Renfree|12|NFL|Atlanta Falcons|QB|0|0|http://espn.go.com/nfl/player/_/id/15894/sean-renfree
2014-12-01|T.J. Yates|13|NFL|Atlanta Falcons|QB|0|64|http://espn.go.com/nfl/player/_/id/14114/t.j.-yates
2014-12-01|Steven Jackson|39|NFL|Atlanta Falcons|RB|5|602|http://espn.go.com/nfl/player/_/id/5549/steven-jackson
2014-12-01|Antone Smith|35|NFL|Atlanta Falcons|RB|5|144|http://espn.go.com/nfl/player/_/id/13158/antone-smith
2014-12-01|Eric Weems|14|NFL|Atlanta Falcons|WR|0|94|http://espn.go.com/nfl/player/_/id/10770/eric-weems
2014-12-01|Drew Davis|19|NFL|Atlanta Falcons|WR|0|0|http://espn.go.com/nfl/player/_/id/14478/drew-davis
2014-12-01|Devin Hester|17|NFL|Atlanta Falcons|WR|1|362|http://espn.go.com/nfl/player/_/id/9643/devin-hester
2014-12-01|Johnny Manziel|2|NFL|Cleveland Browns|QB|0|63|http://espn.go.com/nfl/player/_/id/16736/johnny-manziel
2014-12-01|Josh Gordon|12|NFL|Cleveland Browns|WR|0|195|http://espn.go.com/nfl/player/_/id/15705/josh-gordon
2014-12-01|Terrance West|28|NFL|Cleveland Browns|RB|4|502|http://espn.go.com/nfl/player/_/id/16783/terrance-west
2014-12-01|Travis Benjamin|11|NFL|Cleveland Browns|WR|3|269|http://espn.go.com/nfl/player/_/id/15062/travis-benjamin
2014-12-01|Marlon Moore|15|NFL|Cleveland Browns|WR|0|0|http://espn.go.com/nfl/player/_/id/13616/marlon-moore
2014-12-01|Glenn Winston|41|NFL|Cleveland Browns|RB|0|0|http://espn.go.com/nfl/player/_/id/2310051/glenn-winston
2014-12-01|Rodney Smith|83|NFL|Cleveland Browns|WR|0|0|http://espn.go.com/nfl/player/_/id/16373/rodney-smith
2014-12-01|Isaiah Crowell|34|NFL|Cleveland Browns|RB|7|475|http://espn.go.com/nfl/player/_/id/17133/isaiah-crowell
2014-12-01|Miles Austin|19|NFL|Cleveland Browns|WR|2|568|http://espn.go.com/nfl/player/_/id/10147/miles-austin
2014-12-01|Andrew Hawkins|16|NFL|Cleveland Browns|WR|2|718|http://espn.go.com/nfl/player/_/id/13958/andrew-hawkins
2014-12-01|Taylor Gabriel|18|NFL|Cleveland Browns|WR|1|540|http://espn.go.com/nfl/player/_/id/17437/taylor-gabriel
2014-12-01|Brian Hoyer|6|NFL|Cleveland Browns|QB|11|3056|http://espn.go.com/nfl/player/_/id/12477/brian-hoyer
2014-12-01|Andy Dalton|14|NFL|Cincinnati Bengals|QB|13|2589|http://espn.go.com/nfl/player/_/id/14012/andy-dalton
2014-12-01|Mohamed Sanu|12|NFL|Cincinnati Bengals|WR|5|738|http://espn.go.com/nfl/player/_/id/14922/mohamed-sanu
2014-12-01|Brandon Tate|19|NFL|Cincinnati Bengals|WR|1|159|http://espn.go.com/nfl/player/_/id/12597/brandon-tate
2014-12-01|Cedric Peerman|30|NFL|Cincinnati Bengals|RB|0|43|http://espn.go.com/nfl/player/_/id/12519/cedric-peerman
2014-12-01|Marvin Jones|82|NFL|Cincinnati Bengals|WR|0|0|http://espn.go.com/nfl/player/_/id/15072/marvin-jones
2014-12-01|Rex Burkhead|33|NFL|Cincinnati Bengals|RB|0|13|http://espn.go.com/nfl/player/_/id/15971/rex-burkhead
2014-12-01|Jason Campbell|17|NFL|Cincinnati Bengals|QB|0|49|http://espn.go.com/nfl/player/_/id/8440/jason-campbell
2014-12-01|Giovani Bernard|25|NFL|Cincinnati Bengals|RB|5|540|http://espn.go.com/nfl/player/_/id/15826/giovani-bernard
2014-12-01|Jeremy Hill|32|NFL|Cincinnati Bengals|RB|6|683|http://espn.go.com/nfl/player/_/id/16803/jeremy-hill
2014-12-01|James Wright|86|NFL|Cincinnati Bengals|WR|0|91|http://espn.go.com/nfl/player/_/id/16922/james-wright
2014-12-01|A.J. Green|18|NFL|Cincinnati Bengals|WR|5|686|http://espn.go.com/nfl/player/_/id/13983/a.j.-green
2014-12-01|Greg Little|88|NFL|Cincinnati Bengals|WR|0|63|http://espn.go.com/nfl/player/_/id/14024/greg-little
2014-12-01|Dane Sanzenbacher|11|NFL|Cincinnati Bengals|WR|0|87|http://espn.go.com/nfl/player/_/id/14304/dane-sanzenbacher
2014-12-01|George Atkinson III|34|NFL|Oakland Raiders|RB|0|0|http://espn.go.com/nfl/player/_/id/17396/george-atkinson-iii
2014-12-01|Matt McGloin|14|NFL|Oakland Raiders|QB|1|129|http://espn.go.com/nfl/player/_/id/16593/matt-mcgloin
2014-12-01|Darren McFadden|20|NFL|Oakland Raiders|RB|2|449|http://espn.go.com/nfl/player/_/id/11238/darren-mcfadden
2014-12-01|Rod Streater|80|NFL|Oakland Raiders|WR|1|84|http://espn.go.com/nfl/player/_/id/15391/rod-streater
2014-12-01|James Jones|89|NFL|Oakland Raiders|WR|4|578|http://espn.go.com/nfl/player/_/id/10522/james-jones
2014-12-01|Brice Butler|12|NFL|Oakland Raiders|WR|2|251|http://espn.go.com/nfl/player/_/id/15896/brice-butler
2014-12-01|Maurice Jones-Drew|21|NFL|Oakland Raiders|RB|0|90|http://espn.go.com/nfl/player/_/id/9646/maurice-jones-drew
2014-12-01|Derek Carr|4|NFL|Oakland Raiders|QB|14|2422|http://espn.go.com/nfl/player/_/id/16757/derek-carr
2014-12-01|Matt Schaub|8|NFL|Oakland Raiders|QB|0|57|http://espn.go.com/nfl/player/_/id/5615/matt-schaub
2014-12-01|Latavius Murray|28|NFL|Oakland Raiders|RB|2|166|http://espn.go.com/nfl/player/_/id/15920/latavius-murray
2014-12-01|Kory Sheets|30|NFL|Oakland Raiders|RB|0|0|http://espn.go.com/nfl/player/_/id/12521/kory-sheets
2014-12-01|Vincent Brown|19|NFL|Oakland Raiders|WR|0|82|http://espn.go.com/nfl/player/_/id/14027/vincent-brown
2014-12-01|Andre Holmes|18|NFL|Oakland Raiders|WR|4|502|http://espn.go.com/nfl/player/_/id/14403/andre-holmes
2014-12-01|Denarius Moore|17|NFL|Oakland Raiders|WR|0|115|http://espn.go.com/nfl/player/_/id/14153/denarius-moore
2014-12-01|Kenbrell Thompkins|85|NFL|Oakland Raiders|WR|0|170|http://espn.go.com/nfl/player/_/id/16381/kenbrell-thompkins
2014-12-01|C.J. Spiller|28|NFL|Buffalo Bills|RB|1|287|http://espn.go.com/nfl/player/_/id/13203/c.j.-spiller
2014-12-01|Anthony Dixon|26|NFL|Buffalo Bills|RB|1|357|http://espn.go.com/nfl/player/_/id/13212/anthony-dixon
2014-12-01|Sammy Watkins|14|NFL|Buffalo Bills|WR|5|695|http://espn.go.com/nfl/player/_/id/16725/sammy-watkins
2014-12-01|Kyle Orton|18|NFL|Buffalo Bills|QB|13|2000|http://espn.go.com/nfl/player/_/id/8520/kyle-orton
2014-12-01|Marquise Goodwin|88|NFL|Buffalo Bills|WR|0|42|http://espn.go.com/nfl/player/_/id/15839/marquise-goodwin
2014-12-01|Robert Woods|10|NFL|Buffalo Bills|WR|3|550|http://espn.go.com/nfl/player/_/id/15880/robert-woods
2014-12-01|EJ Manuel|3|NFL|Buffalo Bills|QB|5|838|http://espn.go.com/nfl/player/_/id/15803/ej-manuel
2014-12-01|Fred Jackson|22|NFL|Buffalo Bills|RB|3|351|http://espn.go.com/nfl/player/_/id/10195/fred-jackson
2014-12-01|Marcus Thigpen|11|NFL|Buffalo Bills|RB|0|0|http://espn.go.com/nfl/player/_/id/12524/marcus-thigpen
2014-12-01|Marcus Easley|81|NFL|Buffalo Bills|WR|0|0|http://espn.go.com/nfl/player/_/id/13224/marcus-easley
2014-12-01|Mike Williams|19|NFL|Buffalo Bills|WR|1|142|http://espn.go.com/nfl/player/_/id/13489/mike-williams
2014-12-01|Chris Hogan|15|NFL|Buffalo Bills|WR|3|320|http://espn.go.com/nfl/player/_/id/14402/chris-hogan
2014-12-01|Bryce Brown|35|NFL|Buffalo Bills|RB|0|95|http://espn.go.com/nfl/player/_/id/15092/bryce-brown
2014-12-01|Orleans Darkwa|43|NFL|New York Giants|RB|0|2|http://espn.go.com/nfl/player/_/id/17331/orleans-darkwa
2014-12-01|Ryan Nassib|9|NFL|New York Giants|QB|0|60|http://espn.go.com/nfl/player/_/id/15891/ryan-nassib
2014-12-01|Rueben Randle|82|NFL|New York Giants|WR|2|609|http://espn.go.com/nfl/player/_/id/14911/rueben-randle
2014-12-01|Rashad Jennings|23|NFL|New York Giants|RB|4|598|http://espn.go.com/nfl/player/_/id/12503/rashad-jennings
2014-12-01|Odell Beckham Jr.|13|NFL|New York Giants|WR|5|699|http://espn.go.com/nfl/player/_/id/16733/odell-beckham-jr.
2014-12-01|Kevin Ogletree|15|NFL|New York Giants|WR|0|25|http://espn.go.com/nfl/player/_/id/12588/kevin-ogletree
2014-12-01|David Wilson|22|NFL|New York Giants|RB|0|0|http://espn.go.com/nfl/player/_/id/14887/david-wilson
2014-12-01|Marcus Harris|18|NFL|New York Giants|WR|0|0|http://espn.go.com/nfl/player/_/id/14688/marcus-harris
2014-12-01|Eli Manning|10|NFL|New York Giants|QB|22|3080|http://espn.go.com/nfl/player/_/id/5526/eli-manning
2014-12-01|Victor Cruz|80|NFL|New York Giants|WR|1|337|http://espn.go.com/nfl/player/_/id/13553/victor-cruz
2014-12-01|Peyton Hillis|33|NFL|New York Giants|RB|0|115|http://espn.go.com/nfl/player/_/id/11461/peyton-hillis
2014-12-01|Andre Williams|44|NFL|New York Giants|RB|5|393|http://espn.go.com/nfl/player/_/id/16889/andre-williams
2014-12-01|Preston Parker|83|NFL|New York Giants|WR|2|294|http://espn.go.com/nfl/player/_/id/13703/preston-parker
2014-12-01|Corey Washington|88|NFL|New York Giants|WR|1|48|http://espn.go.com/nfl/player/_/id/17279/corey-washington
2014-12-01|Michael Cox|29|NFL|New York Giants|RB|0|33|http://espn.go.com/nfl/player/_/id/15929/michael-cox
2014-12-01|Jerrel Jernigan|12|NFL|New York Giants|WR|0|40|http://espn.go.com/nfl/player/_/id/14040/jerrel-jernigan
2014-12-01|Dan Orlovsky|8|NFL|Detroit Lions|QB|0|0|http://espn.go.com/nfl/player/_/id/8559/dan-orlovsky
2014-12-01|Montell Owens|34|NFL|Detroit Lions|RB|0|0|http://espn.go.com/nfl/player/_/id/10057/montell-owens
2014-12-01|Ryan Broyles|84|NFL|Detroit Lions|WR|0|25|http://espn.go.com/nfl/player/_/id/14919/ryan-broyles
2014-12-01|Joique Bell|35|NFL|Detroit Lions|RB|5|581|http://espn.go.com/nfl/player/_/id/13536/joique-bell
2014-12-01|George Winn|38|NFL|Detroit Lions|RB|0|66|http://espn.go.com/nfl/player/_/id/16488/george-winn
2014-12-01|Jeremy Ross|12|NFL|Detroit Lions|WR|1|270|http://espn.go.com/nfl/player/_/id/14500/jeremy-ross
2014-12-01|Calvin Johnson|81|NFL|Detroit Lions|WR|5|724|http://espn.go.com/nfl/player/_/id/10447/calvin-johnson
2014-12-01|Kellen Moore|17|NFL|Detroit Lions|QB|0|0|http://espn.go.com/nfl/player/_/id/14882/kellen-moore
2014-12-01|Matthew Stafford|9|NFL|Detroit Lions|QB|15|3333|http://espn.go.com/nfl/player/_/id/12483/matthew-stafford
2014-12-01|TJ Jones|13|NFL|Detroit Lions|WR|0|0|http://espn.go.com/nfl/player/_/id/16880/tj-jones
2014-12-01|Theo Riddick|25|NFL|Detroit Lions|RB|3|47|http://espn.go.com/nfl/player/_/id/15994/theo-riddick
2014-12-01|Corey Fuller|10|NFL|Detroit Lions|WR|1|212|http://espn.go.com/nfl/player/_/id/16014/corey-fuller
2014-12-01|Golden Tate|15|NFL|Detroit Lions|WR|3|1136|http://espn.go.com/nfl/player/_/id/13217/golden-tate
2014-12-01|Reggie Bush|21|NFL|Detroit Lions|RB|1|191|http://espn.go.com/nfl/player/_/id/9588/reggie-bush
2014-12-01|Joe Webb|14|NFL|Carolina Panthers|QB|0|0|http://espn.go.com/nfl/player/_/id/13484/joe-webb
2014-12-01|Fozzy Whittaker|43|NFL|Carolina Panthers|RB|1|81|http://espn.go.com/nfl/player/_/id/15755/fozzy-whittaker
2014-12-01|Matt Blanchard|5|NFL|Carolina Panthers|QB|0|0|http://espn.go.com/nfl/player/_/id/15645/matt-blanchard
2014-12-01|Jerricho Cotchery|82|NFL|Carolina Panthers|WR|0|453|http://espn.go.com/nfl/player/_/id/5633/jerricho-cotchery
2014-12-01|Brenton Bersin|11|NFL|Carolina Panthers|WR|1|128|http://espn.go.com/nfl/player/_/id/15547/brenton-bersin
2014-12-01|DeAngelo Williams|34|NFL|Carolina Panthers|RB|0|219|http://espn.go.com/nfl/player/_/id/9613/deangelo-williams
2014-12-01|Cam Newton|1|NFL|Carolina Panthers|QB|13|2586|http://espn.go.com/nfl/player/_/id/13994/cam-newton
2014-12-01|Derek Anderson|3|NFL|Carolina Panthers|QB|4|424|http://espn.go.com/nfl/player/_/id/8627/derek-anderson
2014-12-01|Jonathan Stewart|28|NFL|Carolina Panthers|RB|2|408|http://espn.go.com/nfl/player/_/id/11247/jonathan-stewart
2014-12-01|De'Andre Presley|10|NFL|Carolina Panthers|WR|0|0|http://espn.go.com/nfl/player/_/id/15629/de'andre-presley
2014-12-01|Philly Brown|16|NFL|Carolina Panthers|WR|2|194|http://espn.go.com/nfl/player/_/id/17399/philly-brown
2014-12-01|Kelvin Benjamin|13|NFL|Carolina Panthers|WR|8|824|http://espn.go.com/nfl/player/_/id/16730/kelvin-benjamin
2014-12-01|Frank Gore|21|NFL|San Francisco 49ers|RB|3|712|http://espn.go.com/nfl/player/_/id/8479/frank-gore
2014-12-01|Josh Johnson|1|NFL|San Francisco 49ers|QB|0|0|http://espn.go.com/nfl/player/_/id/11394/josh-johnson
2014-12-01|Carlos Hyde|28|NFL|San Francisco 49ers|RB|4|274|http://espn.go.com/nfl/player/_/id/16777/carlos-hyde
2014-12-01|Brandon Lloyd|84|NFL|San Francisco 49ers|WR|1|268|http://espn.go.com/nfl/player/_/id/4582/brandon-lloyd
2014-12-01|Chuck Jacobs|17|NFL|San Francisco 49ers|WR|0|0|http://espn.go.com/nfl/player/_/id/16462/chuck-jacobs
2014-12-01|Quinton Patton|11|NFL|San Francisco 49ers|WR|0|0|http://espn.go.com/nfl/player/_/id/16026/quinton-patton
2014-12-01|Michael Crabtree|15|NFL|San Francisco 49ers|WR|4|577|http://espn.go.com/nfl/player/_/id/12563/michael-crabtree
2014-12-01|Blaine Gabbert|2|NFL|San Francisco 49ers|QB|1|38|http://espn.go.com/nfl/player/_/id/13987/blaine-gabbert
2014-12-01|Colin Kaepernick|7|NFL|San Francisco 49ers|QB|15|2736|http://espn.go.com/nfl/player/_/id/14001/colin-kaepernick
2014-12-01|Alfonso Smith|38|NFL|San Francisco 49ers|RB|0|0|http://espn.go.com/nfl/player/_/id/13642/alfonso-smith
2014-12-01|Kendall Hunter|32|NFL|San Francisco 49ers|RB|0|0|http://espn.go.com/nfl/player/_/id/14159/kendall-hunter
2014-12-01|Anquan Boldin|81|NFL|San Francisco 49ers|WR|4|843|http://espn.go.com/nfl/player/_/id/4512/anquan-boldin
2014-12-01|Bruce Ellington|10|NFL|San Francisco 49ers|WR|1|54|http://espn.go.com/nfl/player/_/id/16946/bruce-ellington
2014-12-01|Kassim Osgood|14|NFL|San Francisco 49ers|WR|0|0|http://espn.go.com/nfl/player/_/id/5437/kassim-osgood
2014-12-01|Stevie Johnson|13|NFL|San Francisco 49ers|WR|3|435|http://espn.go.com/nfl/player/_/id/11458/stevie-johnson
2014-12-01|Andrew Luck|12|NFL|Indianapolis Colts|QB|34|4011|http://espn.go.com/nfl/player/_/id/14874/andrew-luck
2014-12-01|Trent Richardson|34|NFL|Indianapolis Colts|RB|3|445|http://espn.go.com/nfl/player/_/id/14884/trent-richardson
2014-12-01|Ahmad Bradshaw|44|NFL|Indianapolis Colts|RB|8|425|http://espn.go.com/nfl/player/_/id/10693/ahmad-bradshaw
2014-12-01|Donte Moncrief|10|NFL|Indianapolis Colts|WR|3|390|http://espn.go.com/nfl/player/_/id/16791/donte-moncrief
2014-12-01|Joshua Cribbs|16|NFL|Indianapolis Colts|WR|0|0|http://espn.go.com/nfl/player/_/id/9270/joshua-cribbs
2014-12-01|Reggie Wayne|87|NFL|Indianapolis Colts|WR|2|636|http://espn.go.com/nfl/player/_/id/2578/reggie-wayne
2014-12-01|Daniel Herron|36|NFL|Indianapolis Colts|RB|1|227|http://espn.go.com/nfl/player/_/id/15041/daniel-herron
2014-12-01|Matt Hasselbeck|8|NFL|Indianapolis Colts|QB|0|20|http://espn.go.com/nfl/player/_/id/1575/matt-hasselbeck
2014-12-01|Hakeem Nicks|14|NFL|Indianapolis Colts|WR|3|243|http://espn.go.com/nfl/player/_/id/12586/hakeem-nicks
2014-12-01|T.Y. Hilton|13|NFL|Indianapolis Colts|WR|5|1145|http://espn.go.com/nfl/player/_/id/14924/t.y.-hilton
2014-12-01|Zurlon Tipton|37|NFL|Indianapolis Colts|RB|0|0|http://espn.go.com/nfl/player/_/id/17094/zurlon-tipton
2014-12-01|Robert Griffin|10|NFL|Washington Redskins|QB|2|869|http://espn.go.com/nfl/player/_/id/14875/robert-griffin
2014-12-01|Roy Helu|29|NFL|Washington Redskins|RB|3|174|http://espn.go.com/nfl/player/_/id/14192/roy-helu
2014-12-01|Silas Redd|32|NFL|Washington Redskins|RB|1|62|http://espn.go.com/nfl/player/_/id/17352/silas-redd
2014-12-01|Andre Roberts|12|NFL|Washington Redskins|WR|2|340|http://espn.go.com/nfl/player/_/id/13226/andre-roberts
2014-12-01|Santana Moss|89|NFL|Washington Redskins|WR|0|30|http://espn.go.com/nfl/player/_/id/2564/santana-moss
2014-12-01|Pierre Garcon|88|NFL|Washington Redskins|WR|3|507|http://espn.go.com/nfl/player/_/id/11439/pierre-garcon
2014-12-01|Leonard Hankerson|85|NFL|Washington Redskins|WR|0|0|http://espn.go.com/nfl/player/_/id/14021/leonard-hankerson
2014-12-01|Colt McCoy|16|NFL|Washington Redskins|QB|4|819|http://espn.go.com/nfl/player/_/id/13199/colt-mccoy
2014-12-01|Kirk Cousins|8|NFL|Washington Redskins|QB|10|1710|http://espn.go.com/nfl/player/_/id/14880/kirk-cousins
2014-12-01|Alfred Morris|46|NFL|Washington Redskins|RB|7|893|http://espn.go.com/nfl/player/_/id/15009/alfred-morris
2014-12-01|DeSean Jackson|11|NFL|Washington Redskins|WR|5|942|http://espn.go.com/nfl/player/_/id/11283/desean-jackson
2014-12-01|Jerry Rice Jr.|--|NFL|Washington Redskins|WR|0|0|http://espn.go.com/nfl/player/_/id/17499/jerry-rice-jr.
2014-12-01|Ryan Grant|14|NFL|Washington Redskins|WR|0|57|http://espn.go.com/nfl/player/_/id/16845/ryan-grant
2014-12-01|Aldrick Robinson|15|NFL|Washington Redskins|WR|0|6|http://espn.go.com/nfl/player/_/id/14164/aldrick-robinson
2014-12-01|Doug Baldwin|89|NFL|Seattle Seahawks|WR|2|519|http://espn.go.com/nfl/player/_/id/14221/doug-baldwin
2014-12-01|Christine Michael|33|NFL|Seattle Seahawks|RB|0|112|http://espn.go.com/nfl/player/_/id/15855/christine-michael
2014-12-01|Russell Wilson|3|NFL|Seattle Seahawks|QB|15|2466|http://espn.go.com/nfl/player/_/id/14881/russell-wilson
2014-12-01|Kevin Norwood|81|NFL|Seattle Seahawks|WR|0|46|http://espn.go.com/nfl/player/_/id/16841/kevin-norwood
2014-12-01|Bryan Walters|19|NFL|Seattle Seahawks|WR|0|44|http://espn.go.com/nfl/player/_/id/13662/bryan-walters
2014-12-01|Jermaine Kearse|15|NFL|Seattle Seahawks|WR|1|414|http://espn.go.com/nfl/player/_/id/15428/jermaine-kearse
2014-12-01|Tarvaris Jackson|7|NFL|Seattle Seahawks|QB|0|0|http://espn.go.com/nfl/player/_/id/9650/tarvaris-jackson
2014-12-01|Marshawn Lynch|24|NFL|Seattle Seahawks|RB|12|956|http://espn.go.com/nfl/player/_/id/10456/marshawn-lynch
2014-12-01|Robert Turbin|22|NFL|Seattle Seahawks|RB|2|179|http://espn.go.com/nfl/player/_/id/14894/robert-turbin
2014-12-01|Paul Richardson|10|NFL|Seattle Seahawks|WR|0|102|http://espn.go.com/nfl/player/_/id/16781/paul-richardson
2014-12-01|Ricardo Lockette|83|NFL|Seattle Seahawks|WR|2|171|http://espn.go.com/nfl/player/_/id/14280/ricardo-lockette
2014-12-01|David Gilreath|6|NFL|Seattle Seahawks|WR|0|0|http://espn.go.com/nfl/player/_/id/14681/david-gilreath
2014-12-01|Logan Thomas|6|NFL|Arizona Cardinals|QB|1|81|http://espn.go.com/nfl/player/_/id/16813/logan-thomas
2014-12-01|Carson Palmer|3|NFL|Arizona Cardinals|QB|11|1626|http://espn.go.com/nfl/player/_/id/4459/carson-palmer
2014-12-01|Robert Hughes|39|NFL|Arizona Cardinals|RB|0|7|http://espn.go.com/nfl/player/_/id/14266/robert-hughes
2014-12-01|Larry Fitzgerald|11|NFL|Arizona Cardinals|WR|2|658|http://espn.go.com/nfl/player/_/id/5528/larry-fitzgerald
2014-12-01|Ted Ginn Jr.|19|NFL|Arizona Cardinals|WR|0|172|http://espn.go.com/nfl/player/_/id/10453/ted-ginn-jr.
2014-12-01|Jaron Brown|13|NFL|Arizona Cardinals|WR|1|175|http://espn.go.com/nfl/player/_/id/16172/jaron-brown
2014-12-01|Andre Ellington|38|NFL|Arizona Cardinals|RB|5|660|http://espn.go.com/nfl/player/_/id/15893/andre-ellington
2014-12-01|Marion Grice|23|NFL|Arizona Cardinals|RB|1|29|http://espn.go.com/nfl/player/_/id/16956/marion-grice
2014-12-01|Drew Stanton|5|NFL|Arizona Cardinals|QB|6|1363|http://espn.go.com/nfl/player/_/id/10487/drew-stanton
2014-12-01|Michael Bush|29|NFL|Arizona Cardinals|RB|0|0|http://espn.go.com/nfl/player/_/id/10544/michael-bush
2014-12-01|Ryan Lindley|14|NFL|Arizona Cardinals|QB|0|0|http://espn.go.com/nfl/player/_/id/14883/ryan-lindley
2014-12-01|Stepfan Taylor|30|NFL|Arizona Cardinals|RB|4|83|http://espn.go.com/nfl/player/_/id/15981/stepfan-taylor
2014-12-01|Michael Floyd|15|NFL|Arizona Cardinals|WR|4|507|http://espn.go.com/nfl/player/_/id/14908/michael-floyd
2014-12-01|John Brown|12|NFL|Arizona Cardinals|WR|5|569|http://espn.go.com/nfl/player/_/id/16804/john-brown
2014-12-01|DeAndre Hopkins|10|NFL|Houston Texans|WR|6|1041|http://espn.go.com/nfl/player/_/id/15795/deandre-hopkins
2014-12-01|Arian Foster|23|NFL|Houston Texans|RB|11|901|http://espn.go.com/nfl/player/_/id/12497/arian-foster
2014-12-01|Thad Lewis|6|NFL|Houston Texans|QB|0|0|http://espn.go.com/nfl/player/_/id/13606/thad-lewis
2014-12-01|Tom Savage|3|NFL|Houston Texans|QB|0|0|http://espn.go.com/nfl/player/_/id/16943/tom-savage
2014-12-01|Damaris Johnson|13|NFL|Houston Texans|WR|1|239|http://espn.go.com/nfl/player/_/id/15624/damaris-johnson
2014-12-01|DeVier Posey|11|NFL|Houston Texans|WR|0|0|http://espn.go.com/nfl/player/_/id/14969/devier-posey
2014-12-01|Ryan Fitzpatrick|14|NFL|Houston Texans|QB|17|2318|http://espn.go.com/nfl/player/_/id/8664/ryan-fitzpatrick
2014-12-01|Andre Johnson|80|NFL|Houston Texans|WR|2|720|http://espn.go.com/nfl/player/_/id/4461/andre-johnson
2014-12-01|Alan Bonner|16|NFL|Houston Texans|WR|0|0|http://espn.go.com/nfl/player/_/id/16003/alan-bonner
2014-12-01|Ryan Mallett|15|NFL|Houston Texans|QB|2|400|http://espn.go.com/nfl/player/_/id/14037/ryan-mallett
2014-12-01|Keshawn Martin|82|NFL|Houston Texans|WR|0|66|http://espn.go.com/nfl/player/_/id/14916/keshawn-martin
2014-12-01|Alfred Blue|28|NFL|Houston Texans|RB|1|442|http://espn.go.com/nfl/player/_/id/16921/alfred-blue
2014-12-01|Jonathan Grimes|41|NFL|Houston Texans|RB|0|106|http://espn.go.com/nfl/player/_/id/15632/jonathan-grimes
2014-12-01|Zach Mettenberger|7|NFL|Tennessee Titans|QB|8|1287|http://espn.go.com/nfl/player/_/id/16814/zach-mettenberger
2014-12-01|Shonn Greene|23|NFL|Tennessee Titans|RB|2|220|http://espn.go.com/nfl/player/_/id/12500/shonn-greene
2014-12-01|Nate Washington|85|NFL|Tennessee Titans|WR|2|471|http://espn.go.com/nfl/player/_/id/9307/nate-washington
2014-12-01|Bishop Sankey|20|NFL|Tennessee Titans|RB|2|474|http://espn.go.com/nfl/player/_/id/16794/bishop-sankey
2014-12-01|Antonio Andrews|26|NFL|Tennessee Titans|RB|0|0|http://espn.go.com/nfl/player/_/id/17105/antonio-andrews
2014-12-01|Kris Durham|17|NFL|Tennessee Titans|WR|0|0|http://espn.go.com/nfl/player/_/id/14095/kris-durham
2014-12-01|Justin Hunter|15|NFL|Tennessee Titans|WR|3|498|http://espn.go.com/nfl/player/_/id/15845/justin-hunter
2014-12-01|Charlie Whitehurst|12|NFL|Tennessee Titans|QB|5|764|http://espn.go.com/nfl/player/_/id/9667/charlie-whitehurst
2014-12-01|Jake Locker|10|NFL|Tennessee Titans|QB|5|855|http://espn.go.com/nfl/player/_/id/13969/jake-locker
2014-12-01|Josh Stewart|1|NFL|Tennessee Titans|WR|0|0|http://espn.go.com/nfl/player/_/id/17261/josh-stewart
2014-12-01|Dexter McCluster|22|NFL|Tennessee Titans|RB|1|116|http://espn.go.com/nfl/player/_/id/13207/dexter-mccluster
2014-12-01|Derek Hagan|80|NFL|Tennessee Titans|WR|1|129|http://espn.go.com/nfl/player/_/id/9668/derek-hagan
2014-12-01|Leon Washington|29|NFL|Tennessee Titans|RB|1|35|http://espn.go.com/nfl/player/_/id/9703/leon-washington
2014-12-01|Kendall Wright|13|NFL|Tennessee Titans|WR|5|633|http://espn.go.com/nfl/player/_/id/14909/kendall-wright
2014-12-01|Jackie Battle|44|NFL|Tennessee Titans|RB|1|9|http://espn.go.com/nfl/player/_/id/11197/jackie-battle
2014-12-01|Storm Johnson|34|NFL|Jacksonville Jaguars|RB|2|64|http://espn.go.com/nfl/player/_/id/16884/storm-johnson
2014-12-01|Jordan Todman|30|NFL|Jacksonville Jaguars|RB|0|45|http://espn.go.com/nfl/player/_/id/14186/jordan-todman
2014-12-01|Chad Henne|7|NFL|Jacksonville Jaguars|QB|3|492|http://espn.go.com/nfl/player/_/id/11291/chad-henne
2014-12-01|Allen Robinson|15|NFL|Jacksonville Jaguars|WR|2|548|http://espn.go.com/nfl/player/_/id/16799/allen-robinson
2014-12-01|Allen Hurns|88|NFL|Jacksonville Jaguars|WR|5|530|http://espn.go.com/nfl/player/_/id/17177/allen-hurns
2014-12-01|Damian Copeland|--|NFL|Jacksonville Jaguars|WR|0|0|http://espn.go.com/nfl/player/_/id/17131/damian-copeland
2014-12-01|Cecil Shorts III|84|NFL|Jacksonville Jaguars|WR|1|416|http://espn.go.com/nfl/player/_/id/14184/cecil-shorts-iii
2014-12-01|Blake Bortles|5|NFL|Jacksonville Jaguars|QB|9|2261|http://espn.go.com/nfl/player/_/id/16724/blake-bortles
2014-12-01|Toby Gerhart|21|NFL|Jacksonville Jaguars|RB|1|192|http://espn.go.com/nfl/player/_/id/13211/toby-gerhart
2014-12-01|Denard Robinson|16|NFL|Jacksonville Jaguars|RB|4|552|http://espn.go.com/nfl/player/_/id/15951/denard-robinson
2014-12-01|Justin Blackmon|14|NFL|Jacksonville Jaguars|WR|0|0|http://espn.go.com/nfl/player/_/id/14907/justin-blackmon
2014-12-01|Marqise Lee|11|NFL|Jacksonville Jaguars|WR|1|268|http://espn.go.com/nfl/player/_/id/16787/marqise-lee
2014-12-01|Tommy Streeter|--|NFL|Jacksonville Jaguars|WR|0|0|http://espn.go.com/nfl/player/_/id/15063/tommy-streeter
2014-12-01|Tandon Doss|17|NFL|Jacksonville Jaguars|WR|0|0|http://espn.go.com/nfl/player/_/id/14190/tandon-doss
2014-12-01|Ace Sanders|18|NFL|Jacksonville Jaguars|WR|0|22|http://espn.go.com/nfl/player/_/id/16022/ace-sanders
2014-12-01|Matt Forte|22|NFL|Chicago Bears|RB|8|828|http://espn.go.com/nfl/player/_/id/11278/matt-forte
2014-12-01|Jay Cutler|6|NFL|Chicago Bears|QB|24|3105|http://espn.go.com/nfl/player/_/id/9597/jay-cutler
2014-12-01|Alshon Jeffery|17|NFL|Chicago Bears|WR|7|854|http://espn.go.com/nfl/player/_/id/14912/alshon-jeffery
2014-12-01|Chris Williams|82|NFL|Chicago Bears|WR|0|0|http://espn.go.com/nfl/player/_/id/12934/chris-williams
2014-12-01|Brandon Marshall|15|NFL|Chicago Bears|WR|8|660|http://espn.go.com/nfl/player/_/id/9705/brandon-marshall
2014-12-01|Marc Mariani|80|NFL|Chicago Bears|WR|0|0|http://espn.go.com/nfl/player/_/id/13409/marc-mariani
2014-12-01|Ka'Deem Carey|25|NFL|Chicago Bears|RB|0|154|http://espn.go.com/nfl/player/_/id/16942/ka'deem-carey
2014-12-01|Jimmy Clausen|8|NFL|Chicago Bears|QB|0|42|http://espn.go.com/nfl/player/_/id/13198/jimmy-clausen
2014-12-01|Josh Morgan|19|NFL|Chicago Bears|WR|1|47|http://espn.go.com/nfl/player/_/id/11408/josh-morgan
2014-12-01|Marquess Wilson|10|NFL|Chicago Bears|WR|0|21|http://espn.go.com/nfl/player/_/id/16023/marquess-wilson
2014-12-01|Senorise Perry|32|NFL|Chicago Bears|RB|0|0|http://espn.go.com/nfl/player/_/id/17421/senorise-perry
2014-12-01|Eddie Royal|11|NFL|San Diego Chargers|WR|6|532|http://espn.go.com/nfl/player/_/id/11276/eddie-royal
2014-12-01|Ronnie Brown|30|NFL|San Diego Chargers|RB|0|21|http://espn.go.com/nfl/player/_/id/8417/ronnie-brown
2014-12-01|Malcom Floyd|80|NFL|San Diego Chargers|WR|4|689|http://espn.go.com/nfl/player/_/id/6016/malcom-floyd
2014-12-01|Philip Rivers|17|NFL|San Diego Chargers|QB|25|3218|http://espn.go.com/nfl/player/_/id/5529/philip-rivers
2014-12-01|Branden Oliver|43|NFL|San Diego Chargers|RB|3|431|http://espn.go.com/nfl/player/_/id/17452/branden-oliver
2014-12-01|Seyi Ajirotutu|16|NFL|San Diego Chargers|WR|0|19|http://espn.go.com/nfl/player/_/id/13524/seyi-ajirotutu
2014-12-01|Kellen Clemens|10|NFL|San Diego Chargers|QB|0|10|http://espn.go.com/nfl/player/_/id/9635/kellen-clemens
2014-12-01|Keenan Allen|13|NFL|San Diego Chargers|WR|4|762|http://espn.go.com/nfl/player/_/id/15818/keenan-allen
2014-12-01|Ryan Mathews|24|NFL|San Diego Chargers|RB|3|286|http://espn.go.com/nfl/player/_/id/13204/ryan-mathews
2014-12-01|Donald Brown|34|NFL|San Diego Chargers|RB|0|154|http://espn.go.com/nfl/player/_/id/12489/donald-brown
2014-12-01|Danny Woodhead|39|NFL|San Diego Chargers|RB|0|38|http://espn.go.com/nfl/player/_/id/11788/danny-woodhead
2014-12-01|Dontrelle Inman|15|NFL|San Diego Chargers|WR|0|0|http://espn.go.com/nfl/player/_/id/14269/dontrelle-inman
2014-12-01|Ryan Tannehill|17|NFL|Miami Dolphins|QB|20|2582|http://espn.go.com/nfl/player/_/id/14876/ryan-tannehill
2014-12-01|Brian Hartline|82|NFL|Miami Dolphins|WR|1|360|http://espn.go.com/nfl/player/_/id/12568/brian-hartline
2014-12-01|Damien Williams|34|NFL|Miami Dolphins|RB|0|100|http://espn.go.com/nfl/player/_/id/17359/damien-williams
2014-12-01|Knowshon Moreno|28|NFL|Miami Dolphins|RB|1|148|http://espn.go.com/nfl/player/_/id/12516/knowshon-moreno
2014-12-01|LaMichael James|33|NFL|Miami Dolphins|RB|0|4|http://espn.go.com/nfl/player/_/id/14890/lamichael-james
2014-12-01|Rishard Matthews|18|NFL|Miami Dolphins|WR|2|106|http://espn.go.com/nfl/player/_/id/15102/rishard-matthews
2014-12-01|Mike Gillislee|23|NFL|Miami Dolphins|RB|0|0|http://espn.go.com/nfl/player/_/id/15952/mike-gillislee
2014-12-01|Matt Moore|8|NFL|Miami Dolphins|QB|0|21|http://espn.go.com/nfl/player/_/id/11128/matt-moore
2014-12-01|Mike Wallace|11|NFL|Miami Dolphins|WR|7|592|http://espn.go.com/nfl/player/_/id/12601/mike-wallace
2014-12-01|Lamar Miller|26|NFL|Miami Dolphins|RB|6|673|http://espn.go.com/nfl/player/_/id/14886/lamar-miller
2014-12-01|Jarvis Landry|14|NFL|Miami Dolphins|WR|5|450|http://espn.go.com/nfl/player/_/id/16790/jarvis-landry
2014-12-01|Daniel Thomas|30|NFL|Miami Dolphins|RB|1|157|http://espn.go.com/nfl/player/_/id/14056/daniel-thomas
2014-12-01|Brandon Gibson|10|NFL|Miami Dolphins|WR|1|165|http://espn.go.com/nfl/player/_/id/12567/brandon-gibson
2014-12-01|Geno Smith|7|NFL|New York Jets|QB|7|1459|http://espn.go.com/nfl/player/_/id/15864/geno-smith
2014-12-01|Chris Ivory|33|NFL|New York Jets|RB|5|579|http://espn.go.com/nfl/player/_/id/13587/chris-ivory
2014-12-01|Bilal Powell|29|NFL|New York Jets|RB|1|102|http://espn.go.com/nfl/player/_/id/14129/bilal-powell
2014-12-01|Jeremy Kerley|11|NFL|New York Jets|WR|1|303|http://espn.go.com/nfl/player/_/id/14151/jeremy-kerley
2014-12-01|Saalim Hakim|15|NFL|New York Jets|WR|0|0|http://espn.go.com/nfl/player/_/id/15397/saalim-hakim
2014-12-01|Shaquelle Evans|81|NFL|New York Jets|WR|0|0|http://espn.go.com/nfl/player/_/id/16811/shaquelle-evans
2014-12-01|Greg Salas|17|NFL|New York Jets|WR|0|167|http://espn.go.com/nfl/player/_/id/14106/greg-salas
2014-12-01|Chris Johnson|21|NFL|New York Jets|RB|2|400|http://espn.go.com/nfl/player/_/id/11258/chris-johnson
2014-12-01|Michael Vick|1|NFL|New York Jets|QB|3|604|http://espn.go.com/nfl/player/_/id/2549/michael-vick
2014-12-01|Matt Simms|5|NFL|New York Jets|QB|0|39|http://espn.go.com/nfl/player/_/id/15407/matt-simms
2014-12-01|Eric Decker|87|NFL|New York Jets|WR|4|513|http://espn.go.com/nfl/player/_/id/13271/eric-decker
2014-12-01|T.J. Graham|10|NFL|New York Jets|WR|1|78|http://espn.go.com/nfl/player/_/id/14920/t.j.-graham
2014-12-01|Percy Harvin|16|NFL|New York Jets|WR|0|309|http://espn.go.com/nfl/player/_/id/12569/percy-harvin
2014-12-01|Walt Powell|18|NFL|New York Jets|WR|0|0|http://espn.go.com/nfl/player/_/id/16871/walt-powell
2014-12-01|Steve Smith|89|NFL|Baltimore Ravens|WR|5|819|http://espn.go.com/nfl/player/_/id/2622/steve-smith
2014-12-01|Tyrod Taylor|2|NFL|Baltimore Ravens|QB|0|0|http://espn.go.com/nfl/player/_/id/14163/tyrod-taylor
2014-12-01|Michael Campanaro|15|NFL|Baltimore Ravens|WR|1|85|http://espn.go.com/nfl/player/_/id/16832/michael-campanaro
2014-12-01|Marlon Brown|14|NFL|Baltimore Ravens|WR|0|132|http://espn.go.com/nfl/player/_/id/16581/marlon-brown
2014-12-01|Bernard Pierce|30|NFL|Baltimore Ravens|RB|2|273|http://espn.go.com/nfl/player/_/id/14891/bernard-pierce
2014-12-01|Joe Flacco|5|NFL|Baltimore Ravens|QB|20|2989|http://espn.go.com/nfl/player/_/id/11252/joe-flacco
2014-12-01|Justin Forsett|29|NFL|Baltimore Ravens|RB|7|1009|http://espn.go.com/nfl/player/_/id/11467/justin-forsett
2014-12-01|Jacoby Jones|12|NFL|Baltimore Ravens|WR|0|85|http://espn.go.com/nfl/player/_/id/10517/jacoby-jones
2014-12-01|Jeremy Butler|17|NFL|Baltimore Ravens|WR|0|0|http://espn.go.com/nfl/player/_/id/17122/jeremy-butler
2014-12-01|Kamar Aiken|11|NFL|Baltimore Ravens|WR|1|189|http://espn.go.com/nfl/player/_/id/14583/kamar-aiken
2014-12-01|Lorenzo Taliaferro|34|NFL|Baltimore Ravens|RB|4|257|http://espn.go.com/nfl/player/_/id/16950/lorenzo-taliaferro
2014-12-01|Torrey Smith|82|NFL|Baltimore Ravens|WR|8|609|http://espn.go.com/nfl/player/_/id/14032/torrey-smith
2014-12-01|Joe McKnight|22|NFL|Kansas City Chiefs|RB|2|3|http://espn.go.com/nfl/player/_/id/13209/joe-mcknight
2014-12-01|Chase Daniel|10|NFL|Kansas City Chiefs|QB|0|0|http://espn.go.com/nfl/player/_/id/12471/chase-daniel
2014-12-01|Charcandrick West|35|NFL|Kansas City Chiefs|RB|0|0|http://espn.go.com/nfl/player/_/id/17284/charcandrick-west
2014-12-01|Jason Avant|81|NFL|Kansas City Chiefs|WR|1|231|http://espn.go.com/nfl/player/_/id/9695/jason-avant
2014-12-01|Knile Davis|34|NFL|Kansas City Chiefs|RB|5|423|http://espn.go.com/nfl/player/_/id/15832/knile-davis
2014-12-01|Alex Smith|11|NFL|Kansas City Chiefs|QB|15|2364|http://espn.go.com/nfl/player/_/id/8416/alex-smith
2014-12-01|Dwayne Bowe|82|NFL|Kansas City Chiefs|WR|0|569|http://espn.go.com/nfl/player/_/id/10467/dwayne-bowe
2014-12-01|Albert Wilson|12|NFL|Kansas City Chiefs|WR|0|51|http://espn.go.com/nfl/player/_/id/17051/albert-wilson
2014-12-01|Junior Hemingway|88|NFL|Kansas City Chiefs|WR|0|108|http://espn.go.com/nfl/player/_/id/15029/junior-hemingway
2014-12-01|Jamaal Charles|25|NFL|Kansas City Chiefs|RB|12|807|http://espn.go.com/nfl/player/_/id/11307/jamaal-charles
2014-12-01|De'Anthony Thomas|13|NFL|Kansas City Chiefs|RB|1|82|http://espn.go.com/nfl/player/_/id/16945/de'anthony-thomas
2014-12-01|Cyrus Gray|32|NFL|Kansas City Chiefs|RB|1|31|http://espn.go.com/nfl/player/_/id/14897/cyrus-gray
2014-12-01|Aaron Murray|7|NFL|Kansas City Chiefs|QB|0|0|http://espn.go.com/nfl/player/_/id/17021/aaron-murray
2014-12-01|Tyler Bray|9|NFL|Kansas City Chiefs|QB|0|0|http://espn.go.com/nfl/player/_/id/16252/tyler-bray
2014-12-01|Frankie Hammond|85|NFL|Kansas City Chiefs|WR|0|38|http://espn.go.com/nfl/player/_/id/16260/frankie-hammond
2014-12-01|Donnie Avery|17|NFL|Kansas City Chiefs|WR|0|176|http://espn.go.com/nfl/player/_/id/11267/donnie-avery
2014-12-01|A.J. Jenkins|15|NFL|Kansas City Chiefs|WR|0|93|http://espn.go.com/nfl/player/_/id/14947/a.j.-jenkins
2014-12-01|Montee Ball|28|NFL|Denver Broncos|RB|1|172|http://espn.go.com/nfl/player/_/id/15823/montee-ball
2014-12-01|Brock Osweiler|17|NFL|Denver Broncos|QB|0|13|http://espn.go.com/nfl/player/_/id/14879/brock-osweiler
2014-12-01|Emmanuel Sanders|10|NFL|Denver Broncos|WR|7|1152|http://espn.go.com/nfl/player/_/id/13295/emmanuel-sanders
2014-12-01|Wes Welker|83|NFL|Denver Broncos|WR|2|294|http://espn.go.com/nfl/player/_/id/5941/wes-welker
2014-12-01|Isaiah Burse|19|NFL|Denver Broncos|WR|0|0|http://espn.go.com/nfl/player/_/id/16972/isaiah-burse
2014-12-01|Jeremy Stewart|27|NFL|Denver Broncos|RB|0|0|http://espn.go.com/nfl/player/_/id/15572/jeremy-stewart
2014-12-01|Cody Latimer|14|NFL|Denver Broncos|WR|0|9|http://espn.go.com/nfl/player/_/id/16793/cody-latimer
2014-12-01|Ronnie Hillman|23|NFL|Denver Broncos|RB|4|378|http://espn.go.com/nfl/player/_/id/14895/ronnie-hillman
2014-12-01|Peyton Manning|18|NFL|Denver Broncos|QB|36|3737|http://espn.go.com/nfl/player/_/id/1428/peyton-manning
2014-12-01|Juwan Thompson|40|NFL|Denver Broncos|RB|3|193|http://espn.go.com/nfl/player/_/id/17045/juwan-thompson
2014-12-01|C.J. Anderson|22|NFL|Denver Broncos|RB|3|536|http://espn.go.com/nfl/player/_/id/16040/c.j.-anderson
2014-12-01|Demaryius Thomas|88|NFL|Denver Broncos|WR|10|1255|http://espn.go.com/nfl/player/_/id/13216/demaryius-thomas
2014-12-01|Jordan Norwood|11|NFL|Denver Broncos|WR|0|0|http://espn.go.com/nfl/player/_/id/12587/jordan-norwood
2014-12-01|Andre Caldwell|12|NFL|Denver Broncos|WR|0|47|http://espn.go.com/nfl/player/_/id/11331/andre-caldwell
2014-12-01|Jarrett Boykin|11|NFL|Green Bay Packers|WR|0|23|http://espn.go.com/nfl/player/_/id/15358/jarrett-boykin
2014-12-01|Kevin Dorsey|13|NFL|Green Bay Packers|WR|0|4|http://espn.go.com/nfl/player/_/id/15907/kevin-dorsey
2014-12-01|Aaron Rodgers|12|NFL|Green Bay Packers|QB|32|3325|http://espn.go.com/nfl/player/_/id/8439/aaron-rodgers
2014-12-01|Jared Abbrederis|84|NFL|Green Bay Packers|WR|0|0|http://espn.go.com/nfl/player/_/id/16836/jared-abbrederis
2014-12-01|James Starks|44|NFL|Green Bay Packers|RB|1|210|http://espn.go.com/nfl/player/_/id/13214/james-starks
2014-12-01|DuJuan Harris|26|NFL|Green Bay Packers|RB|0|64|http://espn.go.com/nfl/player/_/id/14255/dujuan-harris
2014-12-01|Jordy Nelson|87|NFL|Green Bay Packers|WR|10|1119|http://espn.go.com/nfl/player/_/id/11270/jordy-nelson
2014-12-01|Eddie Lacy|27|NFL|Green Bay Packers|RB|9|770|http://espn.go.com/nfl/player/_/id/15848/eddie-lacy
2014-12-01|Davante Adams|17|NFL|Green Bay Packers|WR|3|417|http://espn.go.com/nfl/player/_/id/16800/davante-adams
2014-12-01|Randall Cobb|18|NFL|Green Bay Packers|WR|10|922|http://espn.go.com/nfl/player/_/id/14053/randall-cobb
2014-12-01|Jeff Janis|83|NFL|Green Bay Packers|WR|0|16|http://espn.go.com/nfl/player/_/id/16960/jeff-janis
2014-12-01|Matt Flynn|10|NFL|Green Bay Packers|QB|0|60|http://espn.go.com/nfl/player/_/id/11443/matt-flynn
2014-12-01|Scott Tolzien|16|NFL|Green Bay Packers|QB|0|0|http://espn.go.com/nfl/player/_/id/14353/scott-tolzien
2014-12-01|Matt Cassel|16|NFL|Minnesota Vikings|QB|3|425|http://espn.go.com/nfl/player/_/id/8644/matt-cassel
2014-12-01|Matt Asiata|44|NFL|Minnesota Vikings|RB|7|331|http://espn.go.com/nfl/player/_/id/14360/matt-asiata
2014-12-01|Adam Thielen|19|NFL|Minnesota Vikings|WR|0|57|http://espn.go.com/nfl/player/_/id/16460/adam-thielen
2014-12-01|Jerick McKinnon|31|NFL|Minnesota Vikings|RB|0|538|http://espn.go.com/nfl/player/_/id/16782/jerick-mckinnon
2014-12-01|Charles Johnson|12|NFL|Minnesota Vikings|WR|1|240|http://espn.go.com/nfl/player/_/id/15885/charles-johnson
2014-12-01|Ben Tate|33|NFL|Minnesota Vikings|RB|4|348|http://espn.go.com/nfl/player/_/id/13210/ben-tate
2014-12-01|Christian Ponder|7|NFL|Minnesota Vikings|QB|0|222|http://espn.go.com/nfl/player/_/id/13966/christian-ponder
2014-12-01|Teddy Bridgewater|5|NFL|Minnesota Vikings|QB|8|1827|http://espn.go.com/nfl/player/_/id/16728/teddy-bridgewater
2014-12-01|Joe Banyard|23|NFL|Minnesota Vikings|RB|0|34|http://espn.go.com/nfl/player/_/id/15296/joe-banyard
2014-12-01|Adrian Peterson|28|NFL|Minnesota Vikings|RB|0|75|http://espn.go.com/nfl/player/_/id/10452/adrian-peterson
2014-12-01|Greg Jennings|15|NFL|Minnesota Vikings|WR|4|546|http://espn.go.com/nfl/player/_/id/9638/greg-jennings
2014-12-01|Cordarrelle Patterson|84|NFL|Minnesota Vikings|WR|1|350|http://espn.go.com/nfl/player/_/id/15807/cordarrelle-patterson
2014-12-01|Dustin Vaughan|10|NFL|Dallas Cowboys|QB|0|0|http://espn.go.com/nfl/player/_/id/17337/dustin-vaughan
2014-12-01|Dwayne Harris|17|NFL|Dallas Cowboys|WR|0|116|http://espn.go.com/nfl/player/_/id/14100/dwayne-harris
2014-12-01|Lance Dunbar|25|NFL|Dallas Cowboys|RB|0|69|http://espn.go.com/nfl/player/_/id/15369/lance-dunbar
2014-12-01|Joseph Randle|21|NFL|Dallas Cowboys|RB|1|207|http://espn.go.com/nfl/player/_/id/16013/joseph-randle
2014-12-01|Cole Beasley|11|NFL|Dallas Cowboys|WR|1|250|http://espn.go.com/nfl/player/_/id/15349/cole-beasley
2014-12-01|Terrance Williams|83|NFL|Dallas Cowboys|WR|6|482|http://espn.go.com/nfl/player/_/id/15878/terrance-williams
2014-12-01|Tony Romo|9|NFL|Dallas Cowboys|QB|22|2718|http://espn.go.com/nfl/player/_/id/5209/tony-romo
2014-12-01|DeMarco Murray|29|NFL|Dallas Cowboys|RB|8|1427|http://espn.go.com/nfl/player/_/id/14005/demarco-murray
2014-12-01|Brandon Weeden|3|NFL|Dallas Cowboys|QB|2|260|http://espn.go.com/nfl/player/_/id/14878/brandon-weeden
2014-12-01|Dez Bryant|88|NFL|Dallas Cowboys|WR|10|952|http://espn.go.com/nfl/player/_/id/13215/dez-bryant
2014-12-01|Devin Street|15|NFL|Dallas Cowboys|WR|0|18|http://espn.go.com/nfl/player/_/id/16815/devin-street
2014-12-01|Vick Ballard|33|NFL|Indianapolis Colts|RB|0|0|http://espn.go.com/nfl/player/_/id/14898/vick-ballard
2014-12-01|Jarius Wright|17|NFL|Minnesota Vikings|WR|0|355|http://espn.go.com/nfl/player/_/id/14918/jarius-wright
2014-12-01|Robert Herron|10|NFL|Tampa Bay Buccaneers|WR|1|58|http://espn.go.com/nfl/player/_/id/16903/robert-herron
2014-12-01|Jamize Olawale|49|NFL|Oakland Raiders|RB|0|0|http://espn.go.com/nfl/player/_/id/15653/jamize-olawale
